File name,Related Book,Chapter and Verse,Time Stamp
Dada_Maharaj_Discourse_Transcript.md,Dnyaneshwari,"Chapter 18, Verse 49",00:14 - 00:16
Dada_Maharaj_Discourse_Transcript.md,Dnyaneshwari,"Chapter 11, Verse 13",00:14 - 00:16
Dada_Maharaj_Discourse_Transcript.md,Dnyaneshwari,"Chapter 18, Verse 49",00:16 - 00:22
Dada_Maharaj_Discourse_Transcript.md,Dnyaneshwari,"Chapter 11, Verse 13",00:19 - 00:22
Dada_Maharaj_Discourse_Transcript.md,Dnyaneshwari,"Chapter 11, Verse 13",02:27 - 02:30
Dada_Maharaj_Discourse_Transcript.md,Dnyaneshwari,"Chapter 11, Verse 13",02:35 - 02:38
Dada_Maharaj_Discourse_Transcript.md,Dnyaneshwari,"Chapter 11, Verse 13",07:50 - 07:57
Dnyaneshwari-01_Transcript.md,Dnyaneshwari,"Chapter 18, Verse 1041",00:02 - 00:08
Dnyaneshwari-01_Transcript.md,Dnyaneshwari,"Chapter 18, Verse 1042",00:10 - 00:16
Dnyaneshwari-01_Transcript.md,Dnyaneshwari,"Chapter 18, Verse 1043",00:16 - 00:23
Dnyaneshwari-01_Transcript.md,Dnyaneshwari,"Chapter 18, Verse 1073",00:16 - 00:23
Dnyaneshwari-01_Transcript.md,Dnyaneshwari,"Chapter 18, Verse 1044",00:23 - 00:32
Dnyaneshwari-01_Transcript.md,Dnyaneshwari,"Chapter 18, Verse 1045",00:32 - 00:39
Dnyaneshwari-01_Transcript.md,Dnyaneshwari,"Chapter 18, Verse 1046",00:39 - 00:46
Dnyaneshwari-01_Transcript.md,Dnyaneshwari,"Chapter 18, Verse 1047",00:46 - 00:52
Dnyaneshwari-01_Transcript.md,Dnyaneshwari,"Chapter 18, Verse 1048",00:46 - 00:59
Dnyaneshwari-01_Transcript.md,Dnyaneshwari,"Chapter 18, Verse 1049",00:59 - 01:06
Dnyaneshwari-01_Transcript.md,Dnyaneshwari,"Chapter 18, Verse 1050",01:06 - 01:13
Dnyaneshwari-01_Transcript.md,Dnyaneshwari,"Chapter 18, Verse 1041",04:05 - 04:12
Dnyaneshwari-01_Transcript.md,Dnyaneshwari,"Chapter 18, Verse 1042",04:24 - 04:30
Dnyaneshwari-01_Transcript.md,Dnyaneshwari,"Chapter 2, Verse 231",04:35 - 04:49
Dnyaneshwari-01_Transcript.md,Dnyaneshwari,"Chapter 18, Verse 1042",04:51 - 04:57
Dnyaneshwari-01_Transcript.md,Dnyaneshwari,"Chapter 18, Verse 1042",09:16 - 09:24
Dnyaneshwari-01_Transcript.md,Dnyaneshwari,"Chapter 18, Verse 1043",09:24 - 09:35
Dnyaneshwari-01_Transcript.md,Dnyaneshwari,"Chapter 18, Verse 1073",09:28 - 09:35
Dnyaneshwari-01_Transcript.md,Dnyaneshwari,"Chapter 12, Verse 234",01:09 - 01:22
Dnyaneshwari-01_Transcript.md,Dnyaneshwari,"Chapter 18, Verse 1043",03:11 - 03:20
Dnyaneshwari-01_Transcript.md,Dnyaneshwari,"Chapter 18, Verse 1073",03:11 - 03:20
Dnyaneshwari-01_Transcript.md,Dnyaneshwari,"Chapter 18, Verse 1044",03:20 - 03:23
Dnyaneshwari-01_Transcript.md,Dnyaneshwari,"Chapter 18, Verse 1045",03:34 - 03:45
Dnyaneshwari-01_Transcript.md,Dnyaneshwari,"Chapter 18, Verse 1046",05:30 - 05:35
Dnyaneshwari-01_Transcript.md,Dnyaneshwari,"Chapter 18, Verse 1046",05:43 - 05:46
Dnyaneshwari-01_Transcript.md,Dnyaneshwari,"Chapter 18, Verse 1046",05:49 - 05:54
Dnyaneshwari-01_Transcript.md,Dnyaneshwari,"Chapter 18, Verse 1046",06:55 - 07:09
Dnyaneshwari-01_Transcript.md,Dnyaneshwari,"Chapter 5, Verse 20",08:20 - 08:37
Dnyaneshwari-01_Transcript.md,Dnyaneshwari,"Chapter 13, Verse 700",08:23 - 08:37
Dnyaneshwari-01_Transcript.md,Dnyaneshwari,"Chapter 18, Verse 1046",09:29 - 09:39
Dnyaneshwari-01_Transcript.md,Dnyaneshwari,"Chapter 18, Verse 1047",13:21 - 13:27
Dnyaneshwari-01_Transcript.md,Dnyaneshwari,"Chapter 18, Verse 1047",13:27 - 13:39
Dnyaneshwari-01_Transcript.md,Dnyaneshwari,"Chapter 18, Verse 1047",14:30 - 14:41
Dnyaneshwari-01_Transcript.md,Dnyaneshwari,"Chapter 10, Verse 21",16:26 - 16:37
Dnyaneshwari-01_Transcript.md,Dnyaneshwari,"Chapter 10, Verse 21",16:37 - 16:43
Dnyaneshwari-01_Transcript.md,Dnyaneshwari,"Chapter 6, Verse 84",18:35 - 18:39
Dnyaneshwari-01_Transcript.md,Dnyaneshwari,"Chapter 18, Verse 1047",18:48 - 18:55
Dnyaneshwari-01_Transcript.md,Dnyaneshwari,"Chapter 18, Verse 1047",19:33 - 19:43
Dnyaneshwari-01_Transcript.md,Dnyaneshwari,"Chapter 8, Verse 59",20:04 - 20:07
Dnyaneshwari-01_Transcript.md,Dnyaneshwari,"Chapter 9, Verse 101",23:26 - 23:32
Dnyaneshwari-01_Transcript.md,Dnyaneshwari,"Chapter 18, Verse 1557",23:35 - 23:40
Dnyaneshwari-01_Transcript.md,Dnyaneshwari,"Chapter 9, Verse 101",23:47 - 23:54
Dnyaneshwari-01_Transcript.md,Dnyaneshwari,"Chapter 9, Verse 101",23:54 - 23:59
Dnyaneshwari-01_Transcript.md,Dnyaneshwari,"Chapter 9, Verse 101",24:22 - 24:26
Dnyaneshwari-01_Transcript.md,Dnyaneshwari,"Chapter 18, Verse 1047",25:37 - 25:44
Dnyaneshwari-01_Transcript.md,Dnyaneshwari,"Chapter 10, Verse 21",26:01 - 26:02
Dnyaneshwari-02_Transcript.md,Dnyaneshwari,"Chapter 15, Verse 303",00:27 - 00:44
Dnyaneshwari-02_Transcript.md,Dnyaneshwari,"Chapter 18, Verse 1045",01:37 - 01:44
Dnyaneshwari-02_Transcript.md,Dnyaneshwari,"Chapter 18, Verse 1046",01:44 - 01:51
Dnyaneshwari-02_Transcript.md,Dnyaneshwari,"Chapter 18, Verse 1047",01:51 - 01:58
Dnyaneshwari-02_Transcript.md,Dnyaneshwari,"Chapter 18, Verse 1048",01:51 - 02:07
Dnyaneshwari-02_Transcript.md,Dnyaneshwari,"Chapter 18, Verse 1049",02:07 - 02:14
Dnyaneshwari-02_Transcript.md,Dnyaneshwari,"Chapter 18, Verse 1050",02:14 - 02:21
Dnyaneshwari-02_Transcript.md,Dnyaneshwari,"Chapter 18, Verse 1051",02:14 - 02:27
Dnyaneshwari-02_Transcript.md,Dnyaneshwari,"Chapter 18, Verse 1052",02:27 - 02:34
Dnyaneshwari-02_Transcript.md,Dnyaneshwari,"Chapter 18, Verse 1053",02:34 - 02:43
Dnyaneshwari-02_Transcript.md,Dnyaneshwari,"Chapter 9, Verse 359",13:17 - 13:26
Dnyaneshwari-02_Transcript.md,Dnyaneshwari,"Chapter 18, Verse 1047",13:38 - 13:44
Dnyaneshwari-02_Transcript.md,Dnyaneshwari,"Chapter 18, Verse 1045",25:04 - 25:11
Dnyaneshwari-02_Transcript.md,Dnyaneshwari,"Chapter 18, Verse 1046",25:11 - 25:17
Dnyaneshwari-02_Transcript.md,Dnyaneshwari,"Chapter 18, Verse 1046",26:05 - 26:13
Dnyaneshwari-02_Transcript.md,Dnyaneshwari,"Chapter 18, Verse 1046",28:57 - 29:11
Dnyaneshwari-02_Transcript.md,Dnyaneshwari,"Chapter 18, Verse 1047",29:11 - 29:17
Dnyaneshwari-02_Transcript.md,Dnyaneshwari,"Chapter 18, Verse 1048",29:31 - 29:41
Dnyaneshwari-02_Transcript.md,Dnyaneshwari,"Chapter 18, Verse 1048",30:50 - 31:06
Dnyaneshwari-02_Transcript.md,Dnyaneshwari,"Chapter 18, Verse 1048",31:19 - 31:27
Dnyaneshwari-02_Transcript.md,Dnyaneshwari,"Chapter 16, Verse 352",32:34 - 32:39
Dnyaneshwari-02_Transcript.md,Dnyaneshwari,"Chapter 18, Verse 1048",32:39 - 32:48
Dnyaneshwari-02_Transcript.md,Dnyaneshwari,"Chapter 18, Verse 1048",35:10 - 35:19
Dnyaneshwari-02_Transcript.md,Dnyaneshwari,"Chapter 18, Verse 1049",35:19 - 35:29
Dnyaneshwari-02_Transcript.md,Dnyaneshwari,"Chapter 18, Verse 1049",36:04 - 36:13
Dnyaneshwari-02_Transcript.md,Dnyaneshwari,"Chapter 18, Verse 1049",39:45 - 39:52
Dnyaneshwari-02_Transcript.md,Dnyaneshwari,"Chapter 18, Verse 1046",40:04 - 40:10
Dnyaneshwari-02_Transcript.md,Dnyaneshwari,"Chapter 18, Verse 1046",40:10 - 40:14
Dnyaneshwari-02_Transcript.md,Dnyaneshwari,"Chapter 18, Verse 1046",40:14 - 40:21
Dnyaneshwari-02_Transcript.md,Dnyaneshwari,"Chapter 10, Verse 77",40:38 - 40:46
Dnyaneshwari-02_Transcript.md,Dnyaneshwari,"Chapter 10, Verse 77",40:46 - 41:08
Dnyaneshwari-02_Transcript.md,Dnyaneshwari,"Chapter 10, Verse 77",41:14 - 41:21
Dnyaneshwari-03_Transcript.md,Dnyaneshwari,"Chapter 15, Verse 303",00:00 - 00:40
Dnyaneshwari-03_Transcript.md,Dnyaneshwari,"Chapter 18, Verse 1045",01:25 - 01:33
Dnyaneshwari-03_Transcript.md,Dnyaneshwari,"Chapter 18, Verse 1046",01:33 - 01:41
Dnyaneshwari-03_Transcript.md,Dnyaneshwari,"Chapter 18, Verse 1047",01:41 - 01:50
Dnyaneshwari-03_Transcript.md,Dnyaneshwari,"Chapter 18, Verse 1048",01:41 - 02:07
Dnyaneshwari-03_Transcript.md,Dnyaneshwari,"Chapter 18, Verse 1050",02:07 - 02:13
Dnyaneshwari-03_Transcript.md,Dnyaneshwari,"Chapter 18, Verse 1051",02:07 - 02:21
Dnyaneshwari-03_Transcript.md,Dnyaneshwari,"Chapter 18, Verse 1052",02:21 - 02:29
Dnyaneshwari-03_Transcript.md,Dnyaneshwari,"Chapter 18, Verse 1053",02:29 - 02:36
Dnyaneshwari-03_Transcript.md,Dnyaneshwari,"Chapter 18, Verse 1054",02:36 - 02:43
Dnyaneshwari-03_Transcript.md,Dnyaneshwari,"Chapter 18, Verse 1055",02:36 - 02:51
Dnyaneshwari-03_Transcript.md,Dnyaneshwari,"Chapter 18, Verse 1047",03:23 - 03:29
Dnyaneshwari-03_Transcript.md,Dnyaneshwari,"Chapter 18, Verse 1047",05:46 - 06:20
Dnyaneshwari-03_Transcript.md,Dnyaneshwari,"Chapter 18, Verse 1048",06:42 - 07:23
Dnyaneshwari-03_Transcript.md,Dnyaneshwari,"Chapter 18, Verse 1048",06:42 - 07:23
Dnyaneshwari-03_Transcript.md,Dnyaneshwari,"Chapter 11, Verse 393",12:35 - 13:15
Dnyaneshwari-03_Transcript.md,Dnyaneshwari,"Chapter 9, Verse 498",14:55 - 15:57
Dnyaneshwari-03_Transcript.md,Dnyaneshwari,"Chapter 12, Verse 245",26:51 - 27:37
Dnyaneshwari-03_Transcript.md,Dnyaneshwari,"Chapter 18, Verse 1049",27:37 - 28:25
Dnyaneshwari-03_Transcript.md,Dnyaneshwari,"Chapter 18, Verse 1049",30:00 - 31:30
Dnyaneshwari-03_Transcript.md,Dnyaneshwari,"Chapter 18, Verse 1038",30:00 - 31:30
Dnyaneshwari-03_Transcript.md,Dnyaneshwari,"Chapter 7, Verse 52",39:01 - 40:51
Dnyaneshwari-04_Transcript.md,Dnyaneshwari,"Chapter 18, Verse 1045",00:00 - 00:05
Dnyaneshwari-04_Transcript.md,Dnyaneshwari,"Chapter 18, Verse 1046",00:07 - 00:15
Dnyaneshwari-04_Transcript.md,Dnyaneshwari,"Chapter 18, Verse 1047",00:15 - 00:22
Dnyaneshwari-04_Transcript.md,Dnyaneshwari,"Chapter 18, Verse 1048",00:15 - 00:30
Dnyaneshwari-04_Transcript.md,Dnyaneshwari,"Chapter 18, Verse 1049",00:27 - 00:37
Dnyaneshwari-04_Transcript.md,Dnyaneshwari,"Chapter 18, Verse 1050",00:37 - 00:45
Dnyaneshwari-04_Transcript.md,Dnyaneshwari,"Chapter 18, Verse 1051",00:37 - 00:51
Dnyaneshwari-04_Transcript.md,Dnyaneshwari,"Chapter 18, Verse 1052",00:51 - 00:58
Dnyaneshwari-04_Transcript.md,Dnyaneshwari,"Chapter 18, Verse 1053",00:58 - 01:05
Dnyaneshwari-04_Transcript.md,Dnyaneshwari,"Chapter 18, Verse 1054",01:05 - 01:13
Dnyaneshwari-04_Transcript.md,Dnyaneshwari,"Chapter 18, Verse 1046",01:47 - 01:52
Dnyaneshwari-04_Transcript.md,Dnyaneshwari,"Chapter 18, Verse 1046",02:22 - 02:25
Dnyaneshwari-04_Transcript.md,Dnyaneshwari,"Chapter 18, Verse 1045",03:19 - 03:28
Dnyaneshwari-04_Transcript.md,Dnyaneshwari,"Chapter 18, Verse 1047",03:32 - 03:36
Dnyaneshwari-04_Transcript.md,Dnyaneshwari,"Chapter 1, Verse 179",04:15 - 04:29
Dnyaneshwari-04_Transcript.md,Dnyaneshwari,"Chapter 18, Verse 1047",04:42 - 05:10
Dnyaneshwari-04_Transcript.md,Dnyaneshwari,"Chapter 18, Verse 1048",06:01 - 06:24
Dnyaneshwari-04_Transcript.md,Dnyaneshwari,"Chapter 18, Verse 1049",06:01 - 06:24
Dnyaneshwari-04_Transcript.md,Dnyaneshwari,"Chapter 18, Verse 1050",07:43 - 07:57
Dnyaneshwari-04_Transcript.md,Dnyaneshwari,"Chapter 18, Verse 1051",07:43 - 07:57
Dnyaneshwari-04_Transcript.md,Dnyaneshwari,"Chapter 18, Verse 1050",07:57 - 08:14
Dnyaneshwari-04_Transcript.md,Dnyaneshwari,"Chapter 18, Verse 1050",11:08 - 11:36
Dnyaneshwari-04_Transcript.md,Dnyaneshwari,"Chapter 18, Verse 1050",12:33 - 13:13
Dnyaneshwari-04_Transcript.md,Dnyaneshwari,"Chapter 18, Verse 1050",17:07 - 18:35
Dnyaneshwari-04_Transcript.md,Dnyaneshwari,"Chapter 18, Verse 1050",19:23 - 20:06
Dnyaneshwari-04_Transcript.md,Dnyaneshwari,"Chapter 18, Verse 1050",19:23 - 20:06
Dnyaneshwari-04_Transcript.md,Dnyaneshwari,"Chapter 18, Verse 1050",21:08 - 21:56
Dnyaneshwari-04_Transcript.md,Dnyaneshwari,"Chapter 3, Verse 229",21:08 - 21:56
Dnyaneshwari-04_Transcript.md,Dnyaneshwari,"Chapter 18, Verse 604",23:34 - 24:18
Dnyaneshwari-04_Transcript.md,Dnyaneshwari,"Chapter 18, Verse 1050",23:34 - 24:18
Dnyaneshwari-04_Transcript.md,Dnyaneshwari,"Chapter 18, Verse 1050",26:49 - 27:42
Dnyaneshwari-04_Transcript.md,Dnyaneshwari,"Chapter 18, Verse 1051",26:49 - 27:42
Dnyaneshwari-04_Transcript.md,Dnyaneshwari,"Chapter 4, Verse 37",27:42 - 28:24
Dnyaneshwari-04_Transcript.md,Dnyaneshwari,"Chapter 18, Verse 1050",29:40 - 29:57
Dnyaneshwari-05_Transcript.md,Dnyaneshwari,"Chapter 18, Verse 1046",00:06 - 00:09
Dnyaneshwari-05_Transcript.md,Dnyaneshwari,"Chapter 18, Verse 1047",00:13 - 00:20
Dnyaneshwari-05_Transcript.md,Dnyaneshwari,"Chapter 18, Verse 1048",00:15 - 00:25
Dnyaneshwari-05_Transcript.md,Dnyaneshwari,"Chapter 18, Verse 1049",00:25 - 00:30
Dnyaneshwari-05_Transcript.md,Dnyaneshwari,"Chapter 18, Verse 1050",00:33 - 00:39
Dnyaneshwari-05_Transcript.md,Dnyaneshwari,"Chapter 18, Verse 1051",00:33 - 00:45
Dnyaneshwari-05_Transcript.md,Dnyaneshwari,"Chapter 18, Verse 1052",00:39 - 00:52
Dnyaneshwari-05_Transcript.md,Dnyaneshwari,"Chapter 18, Verse 1053",00:52 - 00:59
Dnyaneshwari-05_Transcript.md,Dnyaneshwari,"Chapter 18, Verse 1054",00:59 - 01:09
Dnyaneshwari-05_Transcript.md,Dnyaneshwari,"Chapter 18, Verse 1050",02:01 - 02:01
Dnyaneshwari-05_Transcript.md,Dnyaneshwari,"Chapter 18, Verse 1050",02:01 - 02:01
Dnyaneshwari-06_Transcript.md,Dnyaneshwari,"Chapter 18, Verse 1045",00:00 - 00:07
Dnyaneshwari-06_Transcript.md,Dnyaneshwari,"Chapter 18, Verse 1046",00:07 - 00:14
Dnyaneshwari-06_Transcript.md,Dnyaneshwari,"Chapter 18, Verse 1047",00:07 - 00:21
Dnyaneshwari-06_Transcript.md,Dnyaneshwari,"Chapter 18, Verse 1048",00:14 - 00:27
Dnyaneshwari-06_Transcript.md,Dnyaneshwari,"Chapter 18, Verse 1049",00:27 - 00:41
Dnyaneshwari-06_Transcript.md,Dnyaneshwari,"Chapter 18, Verse 1050",00:35 - 00:41
Dnyaneshwari-06_Transcript.md,Dnyaneshwari,"Chapter 18, Verse 1051",00:41 - 00:48
Dnyaneshwari-06_Transcript.md,Dnyaneshwari,"Chapter 18, Verse 1052",00:48 - 00:55
Dnyaneshwari-06_Transcript.md,Dnyaneshwari,"Chapter 18, Verse 1053",00:55 - 01:02
Dnyaneshwari-06_Transcript.md,Dnyaneshwari,"Chapter 18, Verse 1054",01:02 - 01:09
Dnyaneshwari-06_Transcript.md,Dnyaneshwari,"Chapter 18, Verse 1055",01:09 - 01:16
Dnyaneshwari-06_Transcript.md,Dnyaneshwari,"Chapter 18, Verse 1056",01:16 - 01:28
Dnyaneshwari-06_Transcript.md,Dnyaneshwari,"Chapter 18, Verse 1050",01:28 - 01:53
Dnyaneshwari-06_Transcript.md,Dnyaneshwari,"Chapter 18, Verse 1051",01:31 - 01:53
Dnyaneshwari-06_Transcript.md,Dnyaneshwari,"Chapter 18, Verse 1051",02:25 - 02:34
Dnyaneshwari-06_Transcript.md,Dnyaneshwari,"Chapter 18, Verse 1051",02:34 - 02:45
Dnyaneshwari-06_Transcript.md,Dnyaneshwari,"Chapter 18, Verse 1051",03:07 - 03:19
Dnyaneshwari-06_Transcript.md,Dnyaneshwari,"Chapter 18, Verse 1051",04:12 - 04:30
Dnyaneshwari-06_Transcript.md,Dnyaneshwari,"Chapter 18, Verse 1051",04:30 - 04:49
Dnyaneshwari-06_Transcript.md,Dnyaneshwari,"Chapter 3, Verse 222",05:39 - 05:48
Dnyaneshwari-06_Transcript.md,Dnyaneshwari,"Chapter 3, Verse 222",06:05 - 06:17
Dnyaneshwari-06_Transcript.md,Dnyaneshwari,"Chapter 18, Verse 1051",06:05 - 06:17
Dnyaneshwari-06_Transcript.md,Dnyaneshwari,"Chapter 4, Verse 89",06:17 - 06:37
Dnyaneshwari-06_Transcript.md,Dnyaneshwari,"Chapter 18, Verse 1050",08:27 - 08:37
Dnyaneshwari-06_Transcript.md,Dnyaneshwari,"Chapter 18, Verse 1050",09:28 - 09:44
Dnyaneshwari-06_Transcript.md,Dnyaneshwari,"Chapter 18, Verse 1050",13:32 - 13:52
Dnyaneshwari-06_Transcript.md,Dnyaneshwari,"Chapter 18, Verse 1051",15:09 - 15:15
Dnyaneshwari-06_Transcript.md,Dnyaneshwari,"Chapter 18, Verse 1052",15:15 - 15:34
Dnyaneshwari-06_Transcript.md,Dnyaneshwari,"Chapter 18, Verse 1053",15:40 - 15:59
Dnyaneshwari-06_Transcript.md,Dnyaneshwari,"Chapter 18, Verse 1053",19:35 - 19:50
Dnyaneshwari-06_Transcript.md,Dnyaneshwari,"Chapter 18, Verse 1054",19:35 - 19:50
Dnyaneshwari-06_Transcript.md,Dnyaneshwari,"Chapter 18, Verse 1053",23:25 - 24:01
Dnyaneshwari-06_Transcript.md,Dnyaneshwari,"Chapter 18, Verse 1054",23:45 - 24:01
Dnyaneshwari-06_Transcript.md,Dnyaneshwari,"Chapter 3, Verse 237",25:05 - 25:24
Dnyaneshwari-06_Transcript.md,Dnyaneshwari,"Chapter 3, Verse 237",25:24 - 25:41
Dnyaneshwari-06_Transcript.md,Dnyaneshwari,"Chapter 18, Verse 1054",32:21 - 32:41
Dnyaneshwari-06_Transcript.md,Dnyaneshwari,"Chapter 18, Verse 1055",33:18 - 34:09
Dnyaneshwari-06_Transcript.md,Dnyaneshwari,"Chapter 18, Verse 1056",33:18 - 34:09
Dnyaneshwari-06_Transcript.md,Dnyaneshwari,"Chapter 15, Verse 419",35:40 - 35:46
Dnyaneshwari-06_Transcript.md,Dnyaneshwari,"Chapter 18, Verse 1047",35:46 - 36:05
Dnyaneshwari-06_Transcript.md,Dnyaneshwari,"Chapter 15, Verse 419",36:10 - 36:18
Dnyaneshwari-06_Transcript.md,Dnyaneshwari,"Chapter 18, Verse 1056",37:31 - 37:31
Dnyaneshwari-07_Transcript.md,Dnyaneshwari,"Chapter 18, Verse 1045",00:00 - 00:08
Dnyaneshwari-07_Transcript.md,Dnyaneshwari,"Chapter 18, Verse 1046",00:08 - 00:14
Dnyaneshwari-07_Transcript.md,Dnyaneshwari,"Chapter 18, Verse 1047",00:14 - 00:21
Dnyaneshwari-07_Transcript.md,Dnyaneshwari,"Chapter 18, Verse 1048",00:14 - 00:27
Dnyaneshwari-07_Transcript.md,Dnyaneshwari,"Chapter 18, Verse 1049",00:27 - 00:35
Dnyaneshwari-07_Transcript.md,Dnyaneshwari,"Chapter 18, Verse 1050",00:35 - 00:41
Dnyaneshwari-07_Transcript.md,Dnyaneshwari,"Chapter 18, Verse 1051",00:35 - 00:47
Dnyaneshwari-07_Transcript.md,Dnyaneshwari,"Chapter 18, Verse 1052",00:41 - 00:54
Dnyaneshwari-07_Transcript.md,Dnyaneshwari,"Chapter 18, Verse 1053",00:54 - 01:01
Dnyaneshwari-07_Transcript.md,Dnyaneshwari,"Chapter 18, Verse 1054",01:01 - 01:08
Dnyaneshwari-07_Transcript.md,Dnyaneshwari,"Chapter 18, Verse 1055",01:08 - 01:14
Dnyaneshwari-07_Transcript.md,Dnyaneshwari,"Chapter 18, Verse 1056",01:14 - 01:22
Dnyaneshwari-07_Transcript.md,Dnyaneshwari,"Chapter 18, Verse 1057",01:14 - 01:30
Dnyaneshwari-07_Transcript.md,Dnyaneshwari,"Chapter 18, Verse 1058",01:30 - 01:36
Dnyaneshwari-07_Transcript.md,Dnyaneshwari,"Chapter 18, Verse 1059",01:36 - 01:48
Dnyaneshwari-07_Transcript.md,Dnyaneshwari,"Chapter 18, Verse 1038",01:58 - 02:05
Dnyaneshwari-07_Transcript.md,Dnyaneshwari,"Chapter 8, Verse 59",03:37 - 03:43
Dnyaneshwari-07_Transcript.md,Dnyaneshwari,"Chapter 8, Verse 59",03:43 - 03:48
Dnyaneshwari-07_Transcript.md,Dnyaneshwari,"Chapter 18, Verse 1045",04:33 - 04:38
Dnyaneshwari-07_Transcript.md,Dnyaneshwari,"Chapter 18, Verse 1056",05:33 - 05:38
Dnyaneshwari-07_Transcript.md,Dnyaneshwari,"Chapter 18, Verse 1057",07:01 - 07:11
Dnyaneshwari-07_Transcript.md,Dnyaneshwari,"Chapter 18, Verse 1057",08:42 - 08:52
Dnyaneshwari-07_Transcript.md,Dnyaneshwari,"Chapter 18, Verse 1058",08:57 - 09:04
Dnyaneshwari-07_Transcript.md,Dnyaneshwari,"Chapter 18, Verse 1059",10:08 - 10:22
Dnyaneshwari-07_Transcript.md,Dnyaneshwari,"Chapter 18, Verse 1059",10:48 - 11:01
Dnyaneshwari-07_Transcript.md,Dnyaneshwari,"Chapter 18, Verse 1059",11:28 - 11:37
Dnyaneshwari-07_Transcript.md,Dnyaneshwari,"Chapter 18, Verse 1059",14:35 - 14:40
Dnyaneshwari-07_Transcript.md,Dnyaneshwari,"Chapter 18, Verse 1059",15:06 - 15:09
Dnyaneshwari-07_Transcript.md,Dnyaneshwari,"Chapter 18, Verse 1059",15:26 - 15:31
Dnyaneshwari-07_Transcript.md,Dnyaneshwari,"Chapter 18, Verse 1059",16:27 - 16:33
Dnyaneshwari-07_Transcript.md,Dnyaneshwari,"Chapter 17, Verse 244",16:45 - 16:51
Dnyaneshwari-07_Transcript.md,Dnyaneshwari,"Chapter 17, Verse 244",16:51 - 16:57
Dnyaneshwari-07_Transcript.md,Dnyaneshwari,"Chapter 18, Verse 1059",17:39 - 17:45
Dnyaneshwari-07_Transcript.md,Dnyaneshwari,"Chapter 12, Verse 245",19:54 - 20:01
Dnyaneshwari-07_Transcript.md,Dnyaneshwari,"Chapter 18, Verse 1057",24:59 - 25:03
Dnyaneshwari-07_Transcript.md,Dnyaneshwari,"Chapter 18, Verse 1060",25:20 - 25:27
Dnyaneshwari-07_Transcript.md,Dnyaneshwari,"Chapter 18, Verse 1060",25:32 - 25:38
Dnyaneshwari-07_Transcript.md,Dnyaneshwari,"Chapter 6, Verse 394",27:23 - 27:31
Dnyaneshwari-07_Transcript.md,Dnyaneshwari,"Chapter 15, Verse 469",27:33 - 27:35
Dnyaneshwari-07_Transcript.md,Dnyaneshwari,"Chapter 18, Verse 1060",28:20 - 28:25
Dnyaneshwari-07_Transcript.md,Dnyaneshwari,"Chapter 13, Verse 669",29:01 - 29:07
Dnyaneshwari-07_Transcript.md,Dnyaneshwari,"Chapter 18, Verse 1060",30:00 - 30:05
Dnyaneshwari-07_Transcript.md,Dnyaneshwari,"Chapter 5, Verse 20",30:25 - 30:32
Dnyaneshwari-07_Transcript.md,Dnyaneshwari,"Chapter 13, Verse 700",30:25 - 30:32
Dnyaneshwari-07_Transcript.md,Dnyaneshwari,"Chapter 5, Verse 20",30:43 - 30:50
Dnyaneshwari-07_Transcript.md,Dnyaneshwari,"Chapter 13, Verse 700",30:43 - 30:50
Dnyaneshwari-07_Transcript.md,Dnyaneshwari,"Chapter 3, Verse 215",31:36 - 31:44
Dnyaneshwari-07_Transcript.md,Dnyaneshwari,"Chapter 3, Verse 215",31:36 - 31:44
Dnyaneshwari-07_Transcript.md,Dnyaneshwari,"Chapter 5, Verse 20",31:47 - 31:56
Dnyaneshwari-07_Transcript.md,Dnyaneshwari,"Chapter 13, Verse 700",31:47 - 31:56
Dnyaneshwari-07_Transcript.md,Dnyaneshwari,"Chapter 11, Verse 152",33:16 - 33:23
Dnyaneshwari-07_Transcript.md,Dnyaneshwari,"Chapter 13, Verse 700",33:23 - 33:28
Dnyaneshwari-07_Transcript.md,Dnyaneshwari,"Chapter 5, Verse 20",36:20 - 36:26
Dnyaneshwari-08_Transcript.md,Dnyaneshwari,"Chapter 15, Verse 303",00:07 - 00:24
Dnyaneshwari-08_Transcript.md,Dnyaneshwari,"Chapter 18, Verse 1041",01:02 - 01:10
Dnyaneshwari-08_Transcript.md,Dnyaneshwari,"Chapter 18, Verse 1042",01:10 - 01:15
Dnyaneshwari-08_Transcript.md,Dnyaneshwari,"Chapter 18, Verse 1043",01:15 - 01:22
Dnyaneshwari-08_Transcript.md,Dnyaneshwari,"Chapter 18, Verse 1073",01:15 - 01:22
Dnyaneshwari-08_Transcript.md,Dnyaneshwari,"Chapter 18, Verse 1044",01:22 - 01:32
Dnyaneshwari-08_Transcript.md,Dnyaneshwari,"Chapter 18, Verse 1045",01:32 - 01:38
Dnyaneshwari-08_Transcript.md,Dnyaneshwari,"Chapter 18, Verse 1046",01:38 - 01:45
Dnyaneshwari-08_Transcript.md,Dnyaneshwari,"Chapter 18, Verse 1047",01:45 - 01:52
Dnyaneshwari-08_Transcript.md,Dnyaneshwari,"Chapter 18, Verse 1048",01:45 - 01:58
Dnyaneshwari-08_Transcript.md,Dnyaneshwari,"Chapter 18, Verse 1049",01:58 - 02:06
Dnyaneshwari-08_Transcript.md,Dnyaneshwari,"Chapter 18, Verse 1050",02:06 - 02:20
Dnyaneshwari-08_Transcript.md,Dnyaneshwari,"Chapter 18, Verse 1041",05:05 - 05:12
Dnyaneshwari-08_Transcript.md,Dnyaneshwari,"Chapter 18, Verse 1042",05:24 - 05:34
Dnyaneshwari-08_Transcript.md,Dnyaneshwari,"Chapter 2, Verse 231",05:34 - 05:43
Dnyaneshwari-08_Transcript.md,Dnyaneshwari,"Chapter 18, Verse 1042",05:51 - 05:57
Dnyaneshwari-08_Transcript.md,Dnyaneshwari,"Chapter 13, Verse 580",08:24 - 08:40
Dnyaneshwari-08_Transcript.md,Dnyaneshwari,"Chapter 18, Verse 1042",10:17 - 10:24
Dnyaneshwari-08_Transcript.md,Dnyaneshwari,"Chapter 18, Verse 1043",10:24 - 10:33
Dnyaneshwari-08_Transcript.md,Dnyaneshwari,"Chapter 18, Verse 1073",10:24 - 10:33
Dnyaneshwari-08_Transcript.md,Dnyaneshwari,"Chapter 12, Verse 234",13:14 - 13:33
Dnyaneshwari-08_Transcript.md,Dnyaneshwari,"Chapter 18, Verse 1043",15:11 - 15:17
Dnyaneshwari-08_Transcript.md,Dnyaneshwari,"Chapter 18, Verse 1073",15:17 - 15:21
Dnyaneshwari-08_Transcript.md,Dnyaneshwari,"Chapter 18, Verse 1044",15:21 - 15:29
Dnyaneshwari-08_Transcript.md,Dnyaneshwari,"Chapter 18, Verse 1045",15:35 - 15:46
Dnyaneshwari-08_Transcript.md,Dnyaneshwari,"Chapter 13, Verse 80",16:15 - 16:17
Dnyaneshwari-08_Transcript.md,Dnyaneshwari,"Chapter 13, Verse 80",16:30 - 16:36
Dnyaneshwari-08_Transcript.md,Dnyaneshwari,"Chapter 18, Verse 1046",17:30 - 17:39
Dnyaneshwari-08_Transcript.md,Dnyaneshwari,"Chapter 18, Verse 1046",17:44 - 17:51
Dnyaneshwari-08_Transcript.md,Dnyaneshwari,"Chapter 18, Verse 1046",17:51 - 17:56
Dnyaneshwari-08_Transcript.md,Dnyaneshwari,"Chapter 18, Verse 1046",18:56 - 19:02
Dnyaneshwari-08_Transcript.md,Dnyaneshwari,"Chapter 5, Verse 20",20:09 - 20:32
Dnyaneshwari-08_Transcript.md,Dnyaneshwari,"Chapter 13, Verse 700",20:24 - 20:32
Dnyaneshwari-08_Transcript.md,Dnyaneshwari,"Chapter 18, Verse 1046",21:32 - 21:41
Dnyaneshwari-08_Transcript.md,Dnyaneshwari,"Chapter 18, Verse 1047",25:23 - 25:28
Dnyaneshwari-08_Transcript.md,Dnyaneshwari,"Chapter 18, Verse 1047",25:30 - 25:39
Dnyaneshwari-08_Transcript.md,Dnyaneshwari,"Chapter 18, Verse 1047",26:32 - 26:35
Dnyaneshwari-08_Transcript.md,Dnyaneshwari,"Chapter 10, Verse 21",28:27 - 28:37
Dnyaneshwari-08_Transcript.md,Dnyaneshwari,"Chapter 10, Verse 21",28:37 - 28:44
Dnyaneshwari-08_Transcript.md,Dnyaneshwari,"Chapter 6, Verse 84",30:36 - 30:40
Dnyaneshwari-08_Transcript.md,Dnyaneshwari,"Chapter 18, Verse 1047",30:51 - 30:56
Dnyaneshwari-08_Transcript.md,Dnyaneshwari,"Chapter 18, Verse 1047",01:37:00 - 01:44:00
Dnyaneshwari-08_Transcript.md,Dnyaneshwari,"Chapter 2, Verse 6",01:44:00 - 01:57:00
Dnyaneshwari-08_Transcript.md,Dnyaneshwari,"Chapter 8, Verse 59",01:57:00 - 02:10:00
Dnyaneshwari-08_Transcript.md,Dnyaneshwari,"Chapter 9, Verse 367",03:50:00 - 03:59:00
Dnyaneshwari-08_Transcript.md,Dnyaneshwari,"Chapter 9, Verse 101",05:27:00 - 05:33:00
Dnyaneshwari-08_Transcript.md,Dnyaneshwari,"Chapter 18, Verse 1557",05:33:00 - 05:39:00
Dnyaneshwari-08_Transcript.md,Dnyaneshwari,"Chapter 9, Verse 101",05:47:00 - 05:54:00
Dnyaneshwari-08_Transcript.md,Dnyaneshwari,"Chapter 9, Verse 101",05:54:00 - 06:00:00
Dnyaneshwari-08_Transcript.md,Dnyaneshwari,"Chapter 9, Verse 101",06:22:00 - 06:27:00
Dnyaneshwari-08_Transcript.md,Dnyaneshwari,"Chapter 18, Verse 1047",07:35:00 - 07:40:00
Dnyaneshwari-08_Transcript.md,Dnyaneshwari,"Chapter 10, Verse 21",08:01:00 - 08:03:00
Dnyaneshwari-09_Transcript.md,Dnyaneshwari,"Chapter 18, Verse 6",00:00 - 00:10
Dnyaneshwari-09_Transcript.md,Dnyaneshwari,"Chapter 18, Verse 7",00:18 - 00:25
Dnyaneshwari-09_Transcript.md,Dnyaneshwari,"Chapter 18, Verse 8",00:25 - 00:34
Dnyaneshwari-09_Transcript.md,Dnyaneshwari,"Chapter 18, Verse 9",00:34 - 00:42
Dnyaneshwari-09_Transcript.md,Dnyaneshwari,"Chapter 18, Verse 10",00:42 - 00:50
Dnyaneshwari-09_Transcript.md,Dnyaneshwari,"Chapter 15, Verse 303",01:17 - 01:34
Dnyaneshwari-09_Transcript.md,Dnyaneshwari,"Chapter 18, Verse 1045",02:11 - 02:17
Dnyaneshwari-09_Transcript.md,Dnyaneshwari,"Chapter 18, Verse 1046",02:17 - 02:24
Dnyaneshwari-09_Transcript.md,Dnyaneshwari,"Chapter 18, Verse 1047",02:24 - 02:31
Dnyaneshwari-09_Transcript.md,Dnyaneshwari,"Chapter 18, Verse 1048",02:24 - 02:40
Dnyaneshwari-09_Transcript.md,Dnyaneshwari,"Chapter 18, Verse 1049",02:40 - 02:47
Dnyaneshwari-09_Transcript.md,Dnyaneshwari,"Chapter 18, Verse 1050",02:47 - 02:54
Dnyaneshwari-09_Transcript.md,Dnyaneshwari,"Chapter 18, Verse 1052",03:00 - 03:07
Dnyaneshwari-09_Transcript.md,Dnyaneshwari,"Chapter 18, Verse 1053",03:07 - 03:16
Dnyaneshwari-10_Transcript.md,Dnyaneshwari,"Chapter 15, Verse 303",00:01 - 00:40
Dnyaneshwari-10_Transcript.md,Dnyaneshwari,"Chapter 18, Verse 1045",01:09 - 01:17
Dnyaneshwari-10_Transcript.md,Dnyaneshwari,"Chapter 18, Verse 1046",01:17 - 01:26
Dnyaneshwari-10_Transcript.md,Dnyaneshwari,"Chapter 18, Verse 1047",01:26 - 01:31
Dnyaneshwari-10_Transcript.md,Dnyaneshwari,"Chapter 18, Verse 1048",01:31 - 01:44
Dnyaneshwari-10_Transcript.md,Dnyaneshwari,"Chapter 18, Verse 1049",01:44 - 01:52
Dnyaneshwari-10_Transcript.md,Dnyaneshwari,"Chapter 18, Verse 1050",01:52 - 01:58
Dnyaneshwari-10_Transcript.md,Dnyaneshwari,"Chapter 18, Verse 1051",01:58 - 02:06
Dnyaneshwari-10_Transcript.md,Dnyaneshwari,"Chapter 18, Verse 1052",02:06 - 02:11
Dnyaneshwari-10_Transcript.md,Dnyaneshwari,"Chapter 18, Verse 1053",02:14 - 02:20
Dnyaneshwari-10_Transcript.md,Dnyaneshwari,"Chapter 18, Verse 1054",02:20 - 02:27
Dnyaneshwari-10_Transcript.md,Dnyaneshwari,"Chapter 18, Verse 1055",02:27 - 02:36
Dnyaneshwari-10_Transcript.md,Dnyaneshwari,"Chapter 18, Verse 1047",03:08 - 03:14
Dnyaneshwari-10_Transcript.md,Dnyaneshwari,"Chapter 18, Verse 1047",05:30 - 05:43
Dnyaneshwari-10_Transcript.md,Dnyaneshwari,"Chapter 18, Verse 1048",06:27 - 06:35
Dnyaneshwari-10_Transcript.md,Dnyaneshwari,"Chapter 18, Verse 1048",06:57 - 07:12
Dnyaneshwari-10_Transcript.md,Dnyaneshwari,"Chapter 11, Verse 393",12:49 - 12:58
Dnyaneshwari-10_Transcript.md,Dnyaneshwari,"Chapter 9, Verse 498",14:40 - 14:46
Dnyaneshwari-10_Transcript.md,Dnyaneshwari,"Chapter 11, Verse 176",21:14 - 21:24
Dnyaneshwari-10_Transcript.md,Dnyaneshwari,"Chapter 12, Verse 245",06:31 - 06:37
Dnyaneshwari-10_Transcript.md,Dnyaneshwari,"Chapter 18, Verse 1049",07:02 - 07:16
Dnyaneshwari-10_Transcript.md,Dnyaneshwari,"Chapter 18, Verse 1049",09:38 - 09:48
Dnyaneshwari-10_Transcript.md,Dnyaneshwari,"Chapter 18, Verse 1038",09:55 - 10:04
Dnyaneshwari-10_Transcript.md,Dnyaneshwari,"Chapter 18, Verse 1038",13:00 - 13:09
Dnyaneshwari-10_Transcript.md,Dnyaneshwari,"Chapter 18, Verse 1049",13:38 - 13:45
Dnyaneshwari-10_Transcript.md,Dnyaneshwari,"Chapter 18, Verse 1049",14:48 - 15:09
Dnyaneshwari-10_Transcript.md,Dnyaneshwari,"Chapter 18, Verse 1038",15:54 - 16:01
Dnyaneshwari-11_Transcript.md,Dnyaneshwari,"Chapter 18, Verse 1045",00:15 - 00:22
Dnyaneshwari-11_Transcript.md,Dnyaneshwari,"Chapter 18, Verse 1046",00:22 - 00:30
Dnyaneshwari-11_Transcript.md,Dnyaneshwari,"Chapter 18, Verse 1047",00:30 - 00:36
Dnyaneshwari-11_Transcript.md,Dnyaneshwari,"Chapter 18, Verse 1047",00:30 - 00:36
Dnyaneshwari-11_Transcript.md,Dnyaneshwari,"Chapter 18, Verse 1048",00:30 - 00:45
Dnyaneshwari-11_Transcript.md,Dnyaneshwari,"Chapter 18, Verse 1049",00:45 - 00:52
Dnyaneshwari-11_Transcript.md,Dnyaneshwari,"Chapter 18, Verse 1050",00:52 - 00:59
Dnyaneshwari-11_Transcript.md,Dnyaneshwari,"Chapter 18, Verse 1051",00:59 - 01:06
Dnyaneshwari-11_Transcript.md,Dnyaneshwari,"Chapter 18, Verse 1052",01:06 - 01:12
Dnyaneshwari-11_Transcript.md,Dnyaneshwari,"Chapter 18, Verse 1053",01:12 - 01:20
Dnyaneshwari-11_Transcript.md,Dnyaneshwari,"Chapter 18, Verse 1054",01:20 - 01:28
Dnyaneshwari-11_Transcript.md,Dnyaneshwari,"Chapter 18, Verse 1046",02:02 - 02:07
Dnyaneshwari-11_Transcript.md,Dnyaneshwari,"Chapter 18, Verse 1046",02:36 - 02:40
Dnyaneshwari-11_Transcript.md,Dnyaneshwari,"Chapter 18, Verse 1045",03:34 - 03:42
Dnyaneshwari-11_Transcript.md,Dnyaneshwari,"Chapter 18, Verse 1047",03:47 - 03:50
Dnyaneshwari-11_Transcript.md,Dnyaneshwari,"Chapter 18, Verse 1047",05:19 - 05:25
Dnyaneshwari-11_Transcript.md,Dnyaneshwari,"Chapter 18, Verse 1048",06:15 - 06:28
Dnyaneshwari-11_Transcript.md,Dnyaneshwari,"Chapter 18, Verse 1049",06:28 - 06:38
Dnyaneshwari-11_Transcript.md,Dnyaneshwari,"Chapter 18, Verse 1050",07:57 - 08:04
Dnyaneshwari-11_Transcript.md,Dnyaneshwari,"Chapter 18, Verse 1051",08:04 - 08:12
Dnyaneshwari-11_Transcript.md,Dnyaneshwari,"Chapter 18, Verse 1050",08:19 - 08:26
Dnyaneshwari-11_Transcript.md,Dnyaneshwari,"Chapter 18, Verse 1050",11:22 - 11:30
Dnyaneshwari-11_Transcript.md,Dnyaneshwari,"Chapter 18, Verse 1050",13:11 - 13:15
Dnyaneshwari-11_Transcript.md,Dnyaneshwari,"Chapter 18, Verse 1050",18:16 - 18:22
Dnyaneshwari-11_Transcript.md,Dnyaneshwari,"Chapter 18, Verse 1050",19:38 - 19:49
Dnyaneshwari-11_Transcript.md,Dnyaneshwari,"Chapter 18, Verse 1050",20:05 - 20:12
Dnyaneshwari-11_Transcript.md,Dnyaneshwari,"Chapter 18, Verse 1050",21:37 - 21:44
Dnyaneshwari-11_Transcript.md,Dnyaneshwari,"Chapter 3, Verse 229",22:00 - 22:10
Dnyaneshwari-11_Transcript.md,Dnyaneshwari,"Chapter 18, Verse 604",23:48 - 24:00
Dnyaneshwari-11_Transcript.md,Dnyaneshwari,"Chapter 18, Verse 1050",24:25 - 24:33
Dnyaneshwari-11_Transcript.md,Dnyaneshwari,"Chapter 18, Verse 1050",27:04 - 27:14
Dnyaneshwari-11_Transcript.md,Dnyaneshwari,"Chapter 18, Verse 1051",27:20 - 27:26
Dnyaneshwari-11_Transcript.md,Dnyaneshwari,"Chapter 4, Verse 37",28:12 - 28:23
Dnyaneshwari-11_Transcript.md,Dnyaneshwari,"Chapter 18, Verse 1050",29:55 - 30:01
Dnyaneshwari-12_Transcript.md,Dnyaneshwari,"Chapter 18, Verse 1046",00:19 - 00:48
Dnyaneshwari-12_Transcript.md,Dnyaneshwari,"Chapter 18, Verse 1049",00:19 - 00:48
Dnyaneshwari-12_Transcript.md,Dnyaneshwari,"Chapter 18, Verse 1050",00:54 - 01:01
Dnyaneshwari-12_Transcript.md,Dnyaneshwari,"Chapter 18, Verse 1051",01:01 - 01:07
Dnyaneshwari-12_Transcript.md,Dnyaneshwari,"Chapter 18, Verse 1052",01:07 - 01:14
Dnyaneshwari-12_Transcript.md,Dnyaneshwari,"Chapter 18, Verse 1053",01:14 - 01:21
Dnyaneshwari-12_Transcript.md,Dnyaneshwari,"Chapter 18, Verse 1054",01:21 - 01:35
Dnyaneshwari-12_Transcript.md,Dnyaneshwari,"Chapter 18, Verse 1055",01:28 - 01:48
Dnyaneshwari-12_Transcript.md,Dnyaneshwari,"Chapter 18, Verse 1056",01:35 - 01:48
Dnyaneshwari-12_Transcript.md,Dnyaneshwari,"Chapter 18, Verse 1050",01:48 - 01:56
Dnyaneshwari-12_Transcript.md,Dnyaneshwari,"Chapter 18, Verse 1051",01:56 - 02:12
Dnyaneshwari-12_Transcript.md,Dnyaneshwari,"Chapter 18, Verse 1051",02:28 - 02:53
Dnyaneshwari-12_Transcript.md,Dnyaneshwari,"Chapter 18, Verse 1051",02:53 - 03:04
Dnyaneshwari-12_Transcript.md,Dnyaneshwari,"Chapter 18, Verse 1051",03:26 - 03:40
Dnyaneshwari-12_Transcript.md,Dnyaneshwari,"Chapter 18, Verse 1051",04:31 - 04:50
Dnyaneshwari-12_Transcript.md,Dnyaneshwari,"Chapter 3, Verse 222",05:58 - 06:24
Dnyaneshwari-12_Transcript.md,Dnyaneshwari,"Chapter 3, Verse 222",06:24 - 06:56
Dnyaneshwari-12_Transcript.md,Dnyaneshwari,"Chapter 18, Verse 1051",06:24 - 06:56
Dnyaneshwari-12_Transcript.md,Dnyaneshwari,"Chapter 18, Verse 1050",08:46 - 08:57
Dnyaneshwari-12_Transcript.md,Dnyaneshwari,"Chapter 18, Verse 1050",09:41 - 10:20
Dnyaneshwari-12_Transcript.md,Dnyaneshwari,"Chapter 18, Verse 1050",13:51 - 14:32
Dnyaneshwari-12_Transcript.md,Dnyaneshwari,"Chapter 18, Verse 1051",15:29 - 15:53
Dnyaneshwari-12_Transcript.md,Dnyaneshwari,"Chapter 18, Verse 1052",15:29 - 15:53
Dnyaneshwari-12_Transcript.md,Dnyaneshwari,"Chapter 18, Verse 1053",15:53 - 16:18
Dnyaneshwari-12_Transcript.md,Dnyaneshwari,"Chapter 18, Verse 1053",19:54 - 20:09
Dnyaneshwari-12_Transcript.md,Dnyaneshwari,"Chapter 18, Verse 1054",19:54 - 20:09
Dnyaneshwari-12_Transcript.md,Dnyaneshwari,"Chapter 18, Verse 1053",23:47 - 24:36
Dnyaneshwari-12_Transcript.md,Dnyaneshwari,"Chapter 18, Verse 1054",24:04 - 24:36
Dnyaneshwari-12_Transcript.md,Dnyaneshwari,"Chapter 3, Verse 237",25:24 - 26:01
Dnyaneshwari-12_Transcript.md,Dnyaneshwari,"Chapter 3, Verse 237",25:24 - 26:01
Dnyaneshwari-12_Transcript.md,Dnyaneshwari,"Chapter 18, Verse 1054",31:52 - 33:19
Dnyaneshwari-12_Transcript.md,Dnyaneshwari,"Chapter 18, Verse 1055",33:37 - 33:54
Dnyaneshwari-12_Transcript.md,Dnyaneshwari,"Chapter 18, Verse 1056",33:54 - 34:28
Dnyaneshwari-12_Transcript.md,Dnyaneshwari,"Chapter 9, Verse 401",33:54 - 34:28
Dnyaneshwari-12_Transcript.md,Dnyaneshwari,"Chapter 15, Verse 419",35:33 - 36:47
Dnyaneshwari-12_Transcript.md,Dnyaneshwari,"Chapter 15, Verse 419",35:33 - 36:47
Dnyaneshwari-12_Transcript.md,Dnyaneshwari,"Chapter 18, Verse 1056",37:28 - 37:28
Dnyaneshwari-13_Transcript.md,Dnyaneshwari,"Chapter 15, Verse 303",00:00 - 00:55
Dnyaneshwari-13_Transcript.md,Dnyaneshwari,"Chapter 18, Verse 1045",00:55 - 01:01
Dnyaneshwari-13_Transcript.md,Dnyaneshwari,"Chapter 18, Verse 1046",01:01 - 01:07
Dnyaneshwari-13_Transcript.md,Dnyaneshwari,"Chapter 18, Verse 1047",01:01 - 01:13
Dnyaneshwari-13_Transcript.md,Dnyaneshwari,"Chapter 18, Verse 1048",01:07 - 01:20
Dnyaneshwari-13_Transcript.md,Dnyaneshwari,"Chapter 18, Verse 1049",01:20 - 01:27
Dnyaneshwari-13_Transcript.md,Dnyaneshwari,"Chapter 18, Verse 1050",01:27 - 01:33
Dnyaneshwari-13_Transcript.md,Dnyaneshwari,"Chapter 18, Verse 1051",01:33 - 01:39
Dnyaneshwari-13_Transcript.md,Dnyaneshwari,"Chapter 18, Verse 1052",01:39 - 01:46
Dnyaneshwari-13_Transcript.md,Dnyaneshwari,"Chapter 18, Verse 1053",01:46 - 01:52
Dnyaneshwari-13_Transcript.md,Dnyaneshwari,"Chapter 18, Verse 1054",01:52 - 02:03
Dnyaneshwari-13_Transcript.md,Dnyaneshwari,"Chapter 18, Verse 1050",02:54 - 03:30
Dnyaneshwari-13_Transcript.md,Dnyaneshwari,"Chapter 18, Verse 1050",05:31 - 05:57
Dnyaneshwari-13_Transcript.md,Dnyaneshwari,"Chapter 18, Verse 1050",07:41 - 07:55
Dnyaneshwari-13_Transcript.md,Dnyaneshwari,"Chapter 18, Verse 1050",08:45 - 09:07
Dnyaneshwari-13_Transcript.md,Dnyaneshwari,"Chapter 16, Verse 267",09:30 - 09:59
Dnyaneshwari-13_Transcript.md,Dnyaneshwari,"Chapter 16, Verse 207",09:30 - 09:59
Dnyaneshwari-13_Transcript.md,Dnyaneshwari,"Chapter 16, Verse 424",10:07 - 10:28
Dnyaneshwari-13_Transcript.md,Dnyaneshwari,"Chapter 18, Verse 1050",13:23 - 13:50
Dnyaneshwari-13_Transcript.md,Dnyaneshwari,"Chapter 8, Verse 245",14:30 - 14:40
Dnyaneshwari-13_Transcript.md,Dnyaneshwari,"Chapter 3, Verse 249",14:50 - 14:58
Dnyaneshwari-13_Transcript.md,Dnyaneshwari,"Chapter 3, Verse 249",15:02 - 15:27
Dnyaneshwari-13_Transcript.md,Dnyaneshwari,"Chapter 3, Verse 249",15:27 - 15:39
Dnyaneshwari-13_Transcript.md,Dnyaneshwari,"Chapter 18, Verse 1045",18:03 - 18:19
Dnyaneshwari-13_Transcript.md,Dnyaneshwari,"Chapter 18, Verse 1050",18:19 - 18:34
Dnyaneshwari-13_Transcript.md,Dnyaneshwari,"Chapter 18, Verse 1051",18:19 - 18:34
Dnyaneshwari-13_Transcript.md,Dnyaneshwari,"Chapter 18, Verse 386",20:09 - 20:31
Dnyaneshwari-13_Transcript.md,Dnyaneshwari,"Chapter 18, Verse 1052",20:49 - 20:57
Dnyaneshwari-13_Transcript.md,Dnyaneshwari,"Chapter 18, Verse 1052",21:57 - 22:30
Dnyaneshwari-13_Transcript.md,Dnyaneshwari,"Chapter 18, Verse 1052",22:30 - 22:39
Dnyaneshwari-13_Transcript.md,Dnyaneshwari,"Chapter 3, Verse 209",24:11 - 24:44
Dnyaneshwari-13_Transcript.md,Dnyaneshwari,"Chapter 18, Verse 1050",24:44 - 25:04
Dnyaneshwari-13_Transcript.md,Dnyaneshwari,"Chapter 18, Verse 1052",24:44 - 25:04
Dnyaneshwari-13_Transcript.md,Dnyaneshwari,"Chapter 1, Verse 29",25:29 - 25:43
Dnyaneshwari-13_Transcript.md,Dnyaneshwari,"Chapter 1, Verse 29",25:43 - 26:08
Dnyaneshwari-13_Transcript.md,Dnyaneshwari,"Chapter 18, Verse 1052",26:38 - 27:03
Dnyaneshwari-13_Transcript.md,Dnyaneshwari,"Chapter 18, Verse 1052",27:11 - 27:38
Dnyaneshwari-13_Transcript.md,Dnyaneshwari,"Chapter 18, Verse 1052",27:38 - 27:56
Dnyaneshwari-13_Transcript.md,Dnyaneshwari,"Chapter 18, Verse 1053",27:56 - 28:20
Dnyaneshwari-13_Transcript.md,Dnyaneshwari,"Chapter 18, Verse 1053",28:20 - 28:40
Dnyaneshwari-13_Transcript.md,Dnyaneshwari,"Chapter 18, Verse 1054",28:20 - 28:40
Dnyaneshwari-13_Transcript.md,Dnyaneshwari,"Chapter 18, Verse 1053",28:40 - 28:58
Dnyaneshwari-13_Transcript.md,Dnyaneshwari,"Chapter 18, Verse 1053",33:27 - 33:40
Dnyaneshwari-13_Transcript.md,Dnyaneshwari,"Chapter 18, Verse 1351",36:29 - 36:56
Dnyaneshwari-13_Transcript.md,Dnyaneshwari,"Chapter 18, Verse 1054",40:01 - 40:10
Dnyaneshwari-14_Transcript.md,Dnyaneshwari,"Chapter 15, Verse 575",00:00 - 00:03
Dnyaneshwari-14_Transcript.md,Dnyaneshwari,"Chapter 18, Verse 1045",00:17 - 00:21
Dnyaneshwari-14_Transcript.md,Dnyaneshwari,"Chapter 18, Verse 1046",00:24 - 00:31
Dnyaneshwari-14_Transcript.md,Dnyaneshwari,"Chapter 18, Verse 1047",00:24 - 00:37
Dnyaneshwari-14_Transcript.md,Dnyaneshwari,"Chapter 18, Verse 1048",00:31 - 00:44
Dnyaneshwari-14_Transcript.md,Dnyaneshwari,"Chapter 18, Verse 1049",00:44 - 00:50
Dnyaneshwari-14_Transcript.md,Dnyaneshwari,"Chapter 18, Verse 1050",00:50 - 00:57
Dnyaneshwari-14_Transcript.md,Dnyaneshwari,"Chapter 18, Verse 1052",00:57 - 01:11
Dnyaneshwari-14_Transcript.md,Dnyaneshwari,"Chapter 18, Verse 1053",01:11 - 01:17
Dnyaneshwari-14_Transcript.md,Dnyaneshwari,"Chapter 18, Verse 1054",01:17 - 01:24
Dnyaneshwari-14_Transcript.md,Dnyaneshwari,"Chapter 18, Verse 1055",01:24 - 01:31
Dnyaneshwari-14_Transcript.md,Dnyaneshwari,"Chapter 18, Verse 1056",01:31 - 01:35
Dnyaneshwari-14_Transcript.md,Dnyaneshwari,"Chapter 18, Verse 1057",01:39 - 01:46
Dnyaneshwari-14_Transcript.md,Dnyaneshwari,"Chapter 18, Verse 1058",01:46 - 01:53
Dnyaneshwari-14_Transcript.md,Dnyaneshwari,"Chapter 18, Verse 1059",01:53 - 02:05
Dnyaneshwari-14_Transcript.md,Dnyaneshwari,"Chapter 18, Verse 1038",02:15 - 02:22
Dnyaneshwari-14_Transcript.md,Dnyaneshwari,"Chapter 8, Verse 59",03:54 - 04:07
Dnyaneshwari-14_Transcript.md,Dnyaneshwari,"Chapter 8, Verse 59",03:54 - 04:07
Dnyaneshwari-14_Transcript.md,Dnyaneshwari,"Chapter 18, Verse 1045",04:41 - 04:55
Dnyaneshwari-14_Transcript.md,Dnyaneshwari,"Chapter 18, Verse 1056",05:49 - 06:07
Dnyaneshwari-14_Transcript.md,Dnyaneshwari,"Chapter 18, Verse 1057",07:19 - 07:28
Dnyaneshwari-14_Transcript.md,Dnyaneshwari,"Chapter 18, Verse 1057",09:01 - 09:09
Dnyaneshwari-14_Transcript.md,Dnyaneshwari,"Chapter 18, Verse 1058",09:13 - 09:24
Dnyaneshwari-14_Transcript.md,Dnyaneshwari,"Chapter 18, Verse 1059",10:24 - 10:38
Dnyaneshwari-14_Transcript.md,Dnyaneshwari,"Chapter 18, Verse 1059",11:04 - 11:17
Dnyaneshwari-14_Transcript.md,Dnyaneshwari,"Chapter 17, Verse 244",17:02 - 17:08
Dnyaneshwari-14_Transcript.md,Dnyaneshwari,"Chapter 17, Verse 244",17:08 - 17:13
Dnyaneshwari-14_Transcript.md,Dnyaneshwari,"Chapter 12, Verse 245",20:10 - 20:17
Dnyaneshwari-14_Transcript.md,Dnyaneshwari,"Chapter 18, Verse 1060",25:36 - 25:49
Dnyaneshwari-14_Transcript.md,Dnyaneshwari,"Chapter 18, Verse 1060",25:49 - 25:53
Dnyaneshwari-14_Transcript.md,Dnyaneshwari,"Chapter 6, Verse 394",27:52 - 27:57
Dnyaneshwari-14_Transcript.md,Dnyaneshwari,"Chapter 18, Verse 1060",28:36 - 28:42
Dnyaneshwari-14_Transcript.md,Dnyaneshwari,"Chapter 13, Verse 669",29:17 - 29:23
Dnyaneshwari-14_Transcript.md,Dnyaneshwari,"Chapter 18, Verse 1060",30:09 - 30:16
Dnyaneshwari-14_Transcript.md,Dnyaneshwari,"Chapter 5, Verse 20",30:42 - 30:52
Dnyaneshwari-14_Transcript.md,Dnyaneshwari,"Chapter 13, Verse 700",30:42 - 30:52
Dnyaneshwari-14_Transcript.md,Dnyaneshwari,"Chapter 5, Verse 20",31:00 - 31:06
Dnyaneshwari-14_Transcript.md,Dnyaneshwari,"Chapter 13, Verse 700",31:00 - 31:06
Dnyaneshwari-14_Transcript.md,Dnyaneshwari,"Chapter 3, Verse 215",31:37 - 31:40
Dnyaneshwari-14_Transcript.md,Dnyaneshwari,"Chapter 3, Verse 215",31:37 - 31:40
Dnyaneshwari-14_Transcript.md,Dnyaneshwari,"Chapter 5, Verse 20",31:43 - 31:51
Dnyaneshwari-14_Transcript.md,Dnyaneshwari,"Chapter 13, Verse 700",31:43 - 31:51
Dnyaneshwari-14_Transcript.md,Dnyaneshwari,"Chapter 11, Verse 152",33:13 - 33:20
Dnyaneshwari-14_Transcript.md,Dnyaneshwari,"Chapter 13, Verse 700",33:20 - 33:25
Dnyaneshwari-14_Transcript.md,Dnyaneshwari,"Chapter 5, Verse 20",35:37 - 35:46
Dnyaneshwari-15_Transcript.md,Dnyaneshwari,"Chapter 18, Verse 1091",00:00 - 00:07
Dnyaneshwari-15_Transcript.md,Dnyaneshwari,"Chapter 18, Verse 1092",00:07 - 00:14
Dnyaneshwari-15_Transcript.md,Dnyaneshwari,"Chapter 18, Verse 1093",00:14 - 00:21
Dnyaneshwari-15_Transcript.md,Dnyaneshwari,"Chapter 18, Verse 1094",00:21 - 00:29
Dnyaneshwari-15_Transcript.md,Dnyaneshwari,"Chapter 18, Verse 1095",00:29 - 00:43
Dnyaneshwari-15_Transcript.md,Dnyaneshwari,"Chapter 18, Verse 1096",00:36 - 00:43
Dnyaneshwari-15_Transcript.md,Dnyaneshwari,"Chapter 18, Verse 1097",00:43 - 00:51
Dnyaneshwari-15_Transcript.md,Dnyaneshwari,"Chapter 18, Verse 1098",00:51 - 00:58
Dnyaneshwari-15_Transcript.md,Dnyaneshwari,"Chapter 18, Verse 1099",00:58 - 01:05
Dnyaneshwari-15_Transcript.md,Dnyaneshwari,"Chapter 18, Verse 1100",01:05 - 01:16
Dnyaneshwari-15_Transcript.md,Dnyaneshwari,"Chapter 15, Verse 439",05:10 - 05:32
Dnyaneshwari-15_Transcript.md,Dnyaneshwari,"Chapter 18, Verse 1094",07:59 - 08:04
Dnyaneshwari-15_Transcript.md,Dnyaneshwari,"Chapter 7, Verse 136",08:10 - 08:16
Dnyaneshwari-15_Transcript.md,Dnyaneshwari,"Chapter 1, Verse 219",08:21 - 08:28
Dnyaneshwari-15_Transcript.md,Dnyaneshwari,"Chapter 7, Verse 136",08:21 - 08:28
Dnyaneshwari-15_Transcript.md,Dnyaneshwari,"Chapter 1, Verse 219",11:15 - 11:35
Dnyaneshwari-15_Transcript.md,Dnyaneshwari,"Chapter 18, Verse 1094",11:15 - 11:35
Dnyaneshwari-15_Transcript.md,Dnyaneshwari,"Chapter 1, Verse 219",11:35 - 11:40
Dnyaneshwari-15_Transcript.md,Dnyaneshwari,"Chapter 10, Verse 118",11:40 - 11:51
Dnyaneshwari-15_Transcript.md,Dnyaneshwari,"Chapter 10, Verse 118",12:24 - 12:34
Dnyaneshwari-15_Transcript.md,Dnyaneshwari,"Chapter 6, Verse 406",12:44 - 12:56
Dnyaneshwari-15_Transcript.md,Dnyaneshwari,"Chapter 9, Verse 1",01:05:20 - 01:05:33
Dnyaneshwari-15_Transcript.md,Dnyaneshwari,"Chapter 2, Verse 338",01:05:55 - 01:06:04
Dnyaneshwari-15_Transcript.md,Dnyaneshwari,"Chapter 6, Verse 447",01:12:48 - 01:12:54
Dnyaneshwari-15_Transcript.md,Dnyaneshwari,"Chapter 6, Verse 447",01:12:54 - 01:13:11
Dnyaneshwari-15_Transcript.md,Dnyaneshwari,"Chapter 6, Verse 452",01:13:11 - 01:13:19
Dnyaneshwari-15_Transcript.md,Dnyaneshwari,"Chapter 14, Verse 319",01:13:19 - 01:13:34
Dnyaneshwari-15_Transcript.md,Dnyaneshwari,"Chapter 9, Verse 322",01:16:05 - 01:16:11
Dnyaneshwari-15_Transcript.md,Dnyaneshwari,"Chapter 16, Verse 230",01:16:34 - 01:16:48
Dnyaneshwari-15_Transcript.md,Dnyaneshwari,"Chapter 6, Verse 406",01:17:40 - 01:17:55
Dnyaneshwari-15_Transcript.md,Dnyaneshwari,"Chapter 18, Verse 1221",01:18:48 - 01:18:59
Dnyaneshwari-15_Transcript.md,Dnyaneshwari,"Chapter 14, Verse 165",01:18:59 - 01:19:20
Dnyaneshwari-15_Transcript.md,Dnyaneshwari,"Chapter 6, Verse 452",01:18:59 - 01:19:32
Dnyaneshwari-15_Transcript.md,Dnyaneshwari,"Chapter 6, Verse 447",02:01:49 - 02:01:59
Dnyaneshwari-15_Transcript.md,Dnyaneshwari,"Chapter 6, Verse 459",02:02:17 - 02:02:23
Dnyaneshwari-15_Transcript.md,Dnyaneshwari,"Chapter 18, Verse 1090",02:02:23 - 02:02:36
Dnyaneshwari-15_Transcript.md,Dnyaneshwari,"Chapter 18, Verse 1094",02:02:51 - 02:03:08
Dnyaneshwari-15_Transcript.md,Dnyaneshwari,"Chapter 18, Verse 1093",02:02:59 - 02:03:08
Dnyaneshwari-15_Transcript.md,Dnyaneshwari,"Chapter 5, Verse 157",02:03:55 - 02:04:01
Dnyaneshwari-15_Transcript.md,Dnyaneshwari,"Chapter 12, Verse 245",02:05:57 - 02:06:02
Dnyaneshwari-15_Transcript.md,Dnyaneshwari,"Chapter 5, Verse 157",02:06:19 - 02:06:30
Dnyaneshwari-15_Transcript.md,Dnyaneshwari,"Chapter 15, Verse 442",02:08:17 - 02:08:27
Dnyaneshwari-15_Transcript.md,Dnyaneshwari,"Chapter 5, Verse 157",02:08:17 - 02:08:27
Dnyaneshwari-15_Transcript.md,Dnyaneshwari,"Chapter 5, Verse 74",02:10:00 - 02:10:03
Dnyaneshwari-15_Transcript.md,Dnyaneshwari,"Chapter 7, Verse 136",02:10:03 - 02:10:03
Dnyaneshwari-15_Transcript.md,Dnyaneshwari,"Chapter 18, Verse 1095",02:10:03 - 02:10:03
Dnyaneshwari-16_Transcript.md,Dnyaneshwari,"Chapter 18, Verse 1090",00:02 - 00:09
Dnyaneshwari-16_Transcript.md,Dnyaneshwari,"Chapter 18, Verse 1091",00:09 - 00:17
Dnyaneshwari-16_Transcript.md,Dnyaneshwari,"Chapter 18, Verse 1092",00:17 - 00:24
Dnyaneshwari-16_Transcript.md,Dnyaneshwari,"Chapter 18, Verse 1093",00:24 - 00:31
Dnyaneshwari-16_Transcript.md,Dnyaneshwari,"Chapter 18, Verse 1094",00:31 - 00:38
Dnyaneshwari-16_Transcript.md,Dnyaneshwari,"Chapter 18, Verse 1095",00:38 - 00:45
Dnyaneshwari-16_Transcript.md,Dnyaneshwari,"Chapter 18, Verse 1096",00:45 - 00:52
Dnyaneshwari-16_Transcript.md,Dnyaneshwari,"Chapter 18, Verse 1097",00:52 - 00:59
Dnyaneshwari-16_Transcript.md,Dnyaneshwari,"Chapter 18, Verse 1098",00:59 - 01:06
Dnyaneshwari-16_Transcript.md,Dnyaneshwari,"Chapter 18, Verse 1099",01:06 - 01:13
Dnyaneshwari-16_Transcript.md,Dnyaneshwari,"Chapter 18, Verse 1100",01:13 - 01:23
Dnyaneshwari-16_Transcript.md,Dnyaneshwari,"Chapter 18, Verse 1093",02:17 - 02:23
Dnyaneshwari-16_Transcript.md,Dnyaneshwari,"Chapter 11, Verse 229",05:38 - 05:43
Dnyaneshwari-16_Transcript.md,Dnyaneshwari,"Chapter 11, Verse 230",05:51 - 05:55
Dnyaneshwari-16_Transcript.md,Dnyaneshwari,"Chapter 11, Verse 230",05:51 - 05:55
Dnyaneshwari-16_Transcript.md,Dnyaneshwari,"Chapter 18, Verse 1096",07:24 - 07:29
Dnyaneshwari-16_Transcript.md,Dnyaneshwari,"Chapter 18, Verse 1096",08:55 - 08:58
Dnyaneshwari-16_Transcript.md,Dnyaneshwari,"Chapter 14, Verse 196",08:58 - 09:02
Dnyaneshwari-16_Transcript.md,Dnyaneshwari,"Chapter 18, Verse 1096",09:05 - 09:10
Dnyaneshwari-16_Transcript.md,Dnyaneshwari,"Chapter 14, Verse 319",13:13 - 13:23
Dnyaneshwari-16_Transcript.md,Dnyaneshwari,"Chapter 18, Verse 1097",14:22 - 14:30
Dnyaneshwari-16_Transcript.md,Dnyaneshwari,"Chapter 18, Verse 1098",14:30 - 14:38
Dnyaneshwari-16_Transcript.md,Dnyaneshwari,"Chapter 18, Verse 1098",15:14 - 15:26
Dnyaneshwari-16_Transcript.md,Dnyaneshwari,"Chapter 18, Verse 1098",15:51 - 16:03
Dnyaneshwari-16_Transcript.md,Dnyaneshwari,"Chapter 18, Verse 1099",16:10 - 16:22
Dnyaneshwari-16_Transcript.md,Dnyaneshwari,"Chapter 18, Verse 1100",17:05 - 17:09
Dnyaneshwari-16_Transcript.md,Dnyaneshwari,"Chapter 18, Verse 1101",17:09 - 17:22
Dnyaneshwari-16_Transcript.md,Dnyaneshwari,"Chapter 18, Verse 1107",18:14 - 18:20
Dnyaneshwari-16_Transcript.md,Dnyaneshwari,"Chapter 18, Verse 1107",18:28 - 18:33
Dnyaneshwari-16_Transcript.md,Dnyaneshwari,"Chapter 18, Verse 1100",19:52 - 20:02
Dnyaneshwari-16_Transcript.md,Dnyaneshwari,"Chapter 18, Verse 1101",20:30 - 20:41
Dnyaneshwari-16_Transcript.md,Dnyaneshwari,"Chapter 12, Verse 155",21:33 - 21:42
Dnyaneshwari-16_Transcript.md,Dnyaneshwari,"Chapter 11, Verse 698",21:33 - 21:42
Dnyaneshwari-16_Transcript.md,Dnyaneshwari,"Chapter 18, Verse 1395",24:17 - 24:22
Dnyaneshwari-16_Transcript.md,Dnyaneshwari,"Chapter 18, Verse 1101",25:42 - 25:54
Dnyaneshwari-16_Transcript.md,Dnyaneshwari,"Chapter 8, Verse 136",29:27 - 29:38
Dnyaneshwari-16_Transcript.md,Dnyaneshwari,"Chapter 8, Verse 136",29:30 - 29:38
Dnyaneshwari-16_Transcript.md,Dnyaneshwari,"Chapter 9, Verse 359",29:53 - 29:57
Dnyaneshwari-16_Transcript.md,Dnyaneshwari,"Chapter 18, Verse 1101",30:23 - 30:35
Dnyaneshwari-16_Transcript.md,Dnyaneshwari,"Chapter 18, Verse 1542",33:57 - 34:09
Dnyaneshwari-17_Transcript.md,Dnyaneshwari,"Chapter 15, Verse 303",00:13 - 00:31
Dnyaneshwari-17_Transcript.md,Dnyaneshwari,"Chapter 18, Verse 1094",01:30 - 01:35
Dnyaneshwari-17_Transcript.md,Dnyaneshwari,"Chapter 18, Verse 1095",01:35 - 01:42
Dnyaneshwari-17_Transcript.md,Dnyaneshwari,"Chapter 18, Verse 1096",01:42 - 01:49
Dnyaneshwari-17_Transcript.md,Dnyaneshwari,"Chapter 18, Verse 1097",01:49 - 01:57
Dnyaneshwari-17_Transcript.md,Dnyaneshwari,"Chapter 18, Verse 1098",01:57 - 02:03
Dnyaneshwari-17_Transcript.md,Dnyaneshwari,"Chapter 18, Verse 1099",02:03 - 02:10
Dnyaneshwari-17_Transcript.md,Dnyaneshwari,"Chapter 18, Verse 1100",02:10 - 02:17
Dnyaneshwari-17_Transcript.md,Dnyaneshwari,"Chapter 18, Verse 1101",02:10 - 02:25
Dnyaneshwari-17_Transcript.md,Dnyaneshwari,"Chapter 18, Verse 1102",02:25 - 02:33
Dnyaneshwari-17_Transcript.md,Dnyaneshwari,"Chapter 18, Verse 1103",02:33 - 02:46
Dnyaneshwari-17_Transcript.md,Dnyaneshwari,"Chapter 12, Verse 41",10:06 - 10:10
Dnyaneshwari-17_Transcript.md,Dnyaneshwari,"Chapter 12, Verse 23",10:22 - 10:38
Dnyaneshwari-17_Transcript.md,Dnyaneshwari,"Chapter 12, Verse 24",10:38 - 10:51
Dnyaneshwari-17_Transcript.md,Dnyaneshwari,"Chapter 8, Verse 239",10:38 - 10:46
Dnyaneshwari-17_Transcript.md,Dnyaneshwari,"Chapter 12, Verse 221",11:16 - 11:18
Dnyaneshwari-17_Transcript.md,Dnyaneshwari,"Chapter 12, Verse 221",12:32 - 12:37
Dnyaneshwari-17_Transcript.md,Dnyaneshwari,"Chapter 12, Verse 222",12:43 - 12:50
Dnyaneshwari-17_Transcript.md,Dnyaneshwari,"Chapter 12, Verse 223",12:50 - 12:58
Dnyaneshwari-17_Transcript.md,Dnyaneshwari,"Chapter 12, Verse 221",13:44 - 13:53
Dnyaneshwari-17_Transcript.md,Dnyaneshwari,"Chapter 15, Verse 452",14:17 - 14:29
Dnyaneshwari-17_Transcript.md,Dnyaneshwari,"Chapter 15, Verse 452",14:45 - 15:00
Dnyaneshwari-17_Transcript.md,Dnyaneshwari,"Chapter 18, Verse 1101",15:16 - 15:24
Dnyaneshwari-17_Transcript.md,Dnyaneshwari,"Chapter 6, Verse 423",19:02 - 19:18
Dnyaneshwari-17_Transcript.md,Dnyaneshwari,"Chapter 18, Verse 1101",19:20 - 19:43
Dnyaneshwari-17_Transcript.md,Dnyaneshwari,"Chapter 12, Verse 222",22:58 - 23:09
Dnyaneshwari-17_Transcript.md,Dnyaneshwari,"Chapter 11, Verse 491",24:37 - 24:50
Dnyaneshwari-18_Transcript.md,Dnyaneshwari,"Chapter 18, Verse 1014",00:00 - 00:03
Dnyaneshwari-18_Transcript.md,Dnyaneshwari,"Chapter 18, Verse 1015",00:07 - 00:14
Dnyaneshwari-18_Transcript.md,Dnyaneshwari,"Chapter 18, Verse 1016",00:15 - 00:20
Dnyaneshwari-18_Transcript.md,Dnyaneshwari,"Chapter 18, Verse 1017",00:20 - 00:26
Dnyaneshwari-18_Transcript.md,Dnyaneshwari,"Chapter 18, Verse 1018",00:26 - 00:32
Dnyaneshwari-18_Transcript.md,Dnyaneshwari,"Chapter 18, Verse 1019",00:32 - 00:38
Dnyaneshwari-18_Transcript.md,Dnyaneshwari,"Chapter 18, Verse 1020",00:38 - 00:53
Dnyaneshwari-18_Transcript.md,Dnyaneshwari,"Chapter 18, Verse 1021",00:46 - 00:53
Dnyaneshwari-18_Transcript.md,Dnyaneshwari,"Chapter 18, Verse 1022",00:53 - 01:01
Dnyaneshwari-18_Transcript.md,Dnyaneshwari,"Chapter 18, Verse 1023",01:01 - 01:10
Dnyaneshwari-18_Transcript.md,Dnyaneshwari,"Chapter 18, Verse 1012",02:36 - 02:40
Dnyaneshwari-18_Transcript.md,Dnyaneshwari,"Chapter 14, Verse 207",03:35 - 03:38
Dnyaneshwari-18_Transcript.md,Dnyaneshwari,"Chapter 14, Verse 207",04:15 - 04:17
Dnyaneshwari-18_Transcript.md,Dnyaneshwari,"Chapter 14, Verse 207",05:22 - 05:30
Dnyaneshwari-18_Transcript.md,Dnyaneshwari,"Chapter 18, Verse 1006",06:46 - 06:57
Dnyaneshwari-18_Transcript.md,Dnyaneshwari,"Chapter 14, Verse 208",08:54 - 09:00
Dnyaneshwari-18_Transcript.md,Dnyaneshwari,"Chapter 18, Verse 1014",09:11 - 09:16
Dnyaneshwari-18_Transcript.md,Dnyaneshwari,"Chapter 18, Verse 1017",09:26 - 09:29
Dnyaneshwari-18_Transcript.md,Dnyaneshwari,"Chapter 18, Verse 1017",09:33 - 09:40
Dnyaneshwari-18_Transcript.md,Dnyaneshwari,"Chapter 18, Verse 1018",09:40 - 09:49
Dnyaneshwari-18_Transcript.md,Dnyaneshwari,"Chapter 18, Verse 1017",09:58 - 10:01
Dnyaneshwari-18_Transcript.md,Dnyaneshwari,"Chapter 6, Verse 178",10:21 - 10:25
Dnyaneshwari-18_Transcript.md,Dnyaneshwari,"Chapter 2, Verse 361",10:21 - 10:25
Dnyaneshwari-18_Transcript.md,Dnyaneshwari,"Chapter 6, Verse 178",10:35 - 10:42
Dnyaneshwari-18_Transcript.md,Dnyaneshwari,"Chapter 2, Verse 361",10:35 - 10:42
Dnyaneshwari-18_Transcript.md,Dnyaneshwari,"Chapter 18, Verse 1017",11:30 - 11:36
Dnyaneshwari-18_Transcript.md,Dnyaneshwari,"Chapter 18, Verse 1017",12:12 - 12:15
Dnyaneshwari-18_Transcript.md,Dnyaneshwari,"Chapter 18, Verse 1017",16:10 - 16:14
Dnyaneshwari-18_Transcript.md,Dnyaneshwari,"Chapter 18, Verse 1017",17:16 - 17:22
Dnyaneshwari-19_Transcript.md,Dnyaneshwari,"Chapter 18, Verse 1017",00:00 - 00:06
Dnyaneshwari-19_Transcript.md,Dnyaneshwari,"Chapter 18, Verse 1018",00:06 - 00:13
Dnyaneshwari-19_Transcript.md,Dnyaneshwari,"Chapter 18, Verse 1019",00:13 - 00:18
Dnyaneshwari-19_Transcript.md,Dnyaneshwari,"Chapter 18, Verse 1020",00:18 - 00:37
Dnyaneshwari-19_Transcript.md,Dnyaneshwari,"Chapter 18, Verse 1021",00:26 - 00:37
Dnyaneshwari-19_Transcript.md,Dnyaneshwari,"Chapter 18, Verse 1022",00:37 - 00:45
Dnyaneshwari-19_Transcript.md,Dnyaneshwari,"Chapter 18, Verse 1023",00:45 - 00:51
Dnyaneshwari-19_Transcript.md,Dnyaneshwari,"Chapter 18, Verse 1024",00:51 - 00:58
Dnyaneshwari-19_Transcript.md,Dnyaneshwari,"Chapter 18, Verse 1025",00:58 - 01:05
Dnyaneshwari-19_Transcript.md,Dnyaneshwari,"Chapter 18, Verse 1026",00:58 - 01:21
Dnyaneshwari-19_Transcript.md,Dnyaneshwari,"Chapter 18, Verse 1017",01:44 - 01:52
Dnyaneshwari-19_Transcript.md,Dnyaneshwari,"Chapter 18, Verse 1348",02:53 - 02:57
Dnyaneshwari-19_Transcript.md,Dnyaneshwari,"Chapter 18, Verse 1348",02:57 - 02:59
Dnyaneshwari-19_Transcript.md,Dnyaneshwari,"Chapter 18, Verse 1017",05:25 - 05:37
Dnyaneshwari-19_Transcript.md,Dnyaneshwari,"Chapter 18, Verse 1018",05:38 - 05:40
Dnyaneshwari-19_Transcript.md,Dnyaneshwari,"Chapter 18, Verse 1018",06:56 - 07:06
Dnyaneshwari-19_Transcript.md,Dnyaneshwari,"Chapter 18, Verse 1019",07:58 - 08:07
Dnyaneshwari-19_Transcript.md,Dnyaneshwari,"Chapter 15, Verse 406",08:32 - 08:36
Dnyaneshwari-19_Transcript.md,Dnyaneshwari,"Chapter 15, Verse 406",09:04 - 09:16
Dnyaneshwari-19_Transcript.md,Dnyaneshwari,"Chapter 15, Verse 406",09:34 - 09:41
Dnyaneshwari-19_Transcript.md,Dnyaneshwari,"Chapter 18, Verse 1021",10:40 - 10:49
Dnyaneshwari-19_Transcript.md,Dnyaneshwari,"Chapter 18, Verse 1022",10:54 - 11:04
Dnyaneshwari-19_Transcript.md,Dnyaneshwari,"Chapter 3, Verse 215",14:42 - 14:54
Dnyaneshwari-19_Transcript.md,Dnyaneshwari,"Chapter 16, Verse 424",14:42 - 14:56
Dnyaneshwari-19_Transcript.md,Dnyaneshwari,"Chapter 18, Verse 1023",15:04 - 15:06
Dnyaneshwari-19_Transcript.md,Dnyaneshwari,"Chapter 18, Verse 1023",15:06 - 15:16
Dnyaneshwari-19_Transcript.md,Dnyaneshwari,"Chapter 18, Verse 1024",17:05 - 17:14
Dnyaneshwari-19_Transcript.md,Dnyaneshwari,"Chapter 18, Verse 1024",18:19 - 18:34
Dnyaneshwari-19_Transcript.md,Dnyaneshwari,"Chapter 18, Verse 1025",19:05 - 19:27
Dnyaneshwari-19_Transcript.md,Dnyaneshwari,"Chapter 18, Verse 1025",19:32 - 19:37
Dnyaneshwari-19_Transcript.md,Dnyaneshwari,"Chapter 18, Verse 1025",19:37 - 19:42
Dnyaneshwari-19_Transcript.md,Dnyaneshwari,"Chapter 18, Verse 1025",19:42 - 20:03
Dnyaneshwari-19_Transcript.md,Dnyaneshwari,"Chapter 18, Verse 1025",20:57 - 21:10
Dnyaneshwari-19_Transcript.md,Dnyaneshwari,"Chapter 18, Verse 1025",22:04 - 22:26
Dnyaneshwari-19_Transcript.md,Dnyaneshwari,"Chapter 18, Verse 1018",23:22 - 23:28
Dnyaneshwari-19_Transcript.md,Dnyaneshwari,"Chapter 6, Verse 423",23:41 - 23:53
Dnyaneshwari-19_Transcript.md,Dnyaneshwari,"Chapter 18, Verse 1025",24:03 - 24:11
Dnyaneshwari-19_Transcript.md,Dnyaneshwari,"Chapter 18, Verse 1026",24:03 - 24:24
Dnyaneshwari-19_Transcript.md,Dnyaneshwari,"Chapter 18, Verse 1026",24:31 - 24:45
Dnyaneshwari-19_Transcript.md,Dnyaneshwari,"Chapter 18, Verse 1026",24:59 - 25:06
Dnyaneshwari-19_Transcript.md,Dnyaneshwari,"Chapter 13, Verse 100",25:50 - 25:55
Dnyaneshwari-19_Transcript.md,Dnyaneshwari,"Chapter 13, Verse 100",25:55 - 26:09
Dnyaneshwari-19_Transcript.md,Dnyaneshwari,"Chapter 18, Verse 1025",25:55 - 26:09
Dnyaneshwari-19_Transcript.md,Dnyaneshwari,"Chapter 18, Verse 1026",26:14 - 26:32
Dnyaneshwari-19_Transcript.md,Dnyaneshwari,"Chapter 18, Verse 1025",26:42 - 26:49
Dnyaneshwari-19_Transcript.md,Dnyaneshwari,"Chapter 8, Verse 59",27:50 - 27:59
Dnyaneshwari-19_Transcript.md,Dnyaneshwari,"Chapter 18, Verse 1019",28:49 - 29:13
Dnyaneshwari-19_Transcript.md,Dnyaneshwari,"Chapter 18, Verse 1025",30:12 - 30:30
Dnyaneshwari-19_Transcript.md,Dnyaneshwari,"Chapter 18, Verse 1026",30:30 - 30:48
Dnyaneshwari-19_Transcript.md,Dnyaneshwari,"Chapter 6, Verse 394",31:33 - 31:45
Dnyaneshwari-20_Transcript.md,Dnyaneshwari,"Chapter 18, Verse 1029",00:00 - 00:02
Dnyaneshwari-20_Transcript.md,Dnyaneshwari,"Chapter 18, Verse 1030",00:02 - 00:13
Dnyaneshwari-20_Transcript.md,Dnyaneshwari,"Chapter 18, Verse 1031",00:13 - 00:24
Dnyaneshwari-20_Transcript.md,Dnyaneshwari,"Chapter 18, Verse 1032",00:13 - 00:24
Dnyaneshwari-20_Transcript.md,Dnyaneshwari,"Chapter 18, Verse 1033",00:24 - 00:30
Dnyaneshwari-20_Transcript.md,Dnyaneshwari,"Chapter 18, Verse 1034",00:30 - 00:37
Dnyaneshwari-20_Transcript.md,Dnyaneshwari,"Chapter 18, Verse 1035",00:37 - 00:44
Dnyaneshwari-20_Transcript.md,Dnyaneshwari,"Chapter 18, Verse 1036",00:44 - 00:50
Dnyaneshwari-20_Transcript.md,Dnyaneshwari,"Chapter 18, Verse 1037",00:50 - 00:57
Dnyaneshwari-20_Transcript.md,Dnyaneshwari,"Chapter 18, Verse 1038",00:57 - 01:06
Dnyaneshwari-20_Transcript.md,Dnyaneshwari,"Chapter 18, Verse 1029",01:06 - 01:11
Dnyaneshwari-20_Transcript.md,Dnyaneshwari,"Chapter 18, Verse 1032",01:50 - 02:01
Dnyaneshwari-20_Transcript.md,Dnyaneshwari,"Chapter 12, Verse 51",02:41 - 03:28
Dnyaneshwari-20_Transcript.md,Dnyaneshwari,"Chapter 12, Verse 53",02:41 - 03:28
Dnyaneshwari-20_Transcript.md,Dnyaneshwari,"Chapter 18, Verse 1033",03:41 - 03:54
Dnyaneshwari-20_Transcript.md,Dnyaneshwari,"Chapter 18, Verse 1033",04:05 - 04:57
Dnyaneshwari-20_Transcript.md,Dnyaneshwari,"Chapter 18, Verse 1557",05:56 - 06:33
Dnyaneshwari-20_Transcript.md,Dnyaneshwari,"Chapter 18, Verse 1034",10:48 - 11:27
Dnyaneshwari-20_Transcript.md,Dnyaneshwari,"Chapter 18, Verse 1034",11:53 - 12:21
Dnyaneshwari-20_Transcript.md,Dnyaneshwari,"Chapter 18, Verse 159",14:26 - 14:49
Dnyaneshwari-20_Transcript.md,Dnyaneshwari,"Chapter 18, Verse 1033",16:15 - 16:30
Dnyaneshwari-20_Transcript.md,Dnyaneshwari,"Chapter 18, Verse 1034",16:30 - 16:52
Dnyaneshwari-20_Transcript.md,Dnyaneshwari,"Chapter 6, Verse 304",16:52 - 17:56
Dnyaneshwari-20_Transcript.md,Dnyaneshwari,"Chapter 18, Verse 1034",17:10 - 17:56
Dnyaneshwari-20_Transcript.md,Dnyaneshwari,"Chapter 18, Verse 1035",18:15 - 18:28
Dnyaneshwari-20_Transcript.md,Dnyaneshwari,"Chapter 6, Verse 234",19:40 - 20:06
Dnyaneshwari-20_Transcript.md,Dnyaneshwari,"Chapter 18, Verse 1035",20:06 - 20:35
Dnyaneshwari-20_Transcript.md,Dnyaneshwari,"Chapter 17, Verse 7",20:49 - 21:08
Dnyaneshwari-20_Transcript.md,Dnyaneshwari,"Chapter 17, Verse 7",21:08 - 22:10
Dnyaneshwari-20_Transcript.md,Dnyaneshwari,"Chapter 17, Verse 7",21:08 - 22:10
Dnyaneshwari-20_Transcript.md,Dnyaneshwari,"Chapter 6, Verse 212",22:10 - 22:26
Dnyaneshwari-20_Transcript.md,Dnyaneshwari,"Chapter 17, Verse 7",22:26 - 22:47
Dnyaneshwari-20_Transcript.md,Dnyaneshwari,"Chapter 17, Verse 7",22:26 - 22:47
Dnyaneshwari-20_Transcript.md,Dnyaneshwari,"Chapter 18, Verse 1035",23:21 - 23:44
Dnyaneshwari-20_Transcript.md,Dnyaneshwari,"Chapter 12, Verse 53",23:44 - 24:12
Dnyaneshwari-20_Transcript.md,Dnyaneshwari,"Chapter 6, Verse 273",24:53 - 25:24
Dnyaneshwari-20_Transcript.md,Dnyaneshwari,"Chapter 6, Verse 268",26:01 - 26:11
Dnyaneshwari-20_Transcript.md,Dnyaneshwari,"Chapter 9, Verse 57",27:32 - 27:57
Dnyaneshwari-20_Transcript.md,Dnyaneshwari,"Chapter 18, Verse 1038",28:32 - 29:03
Dnyaneshwari-21_Transcript.md,Dnyaneshwari,"Chapter 6, Verse 290",06:40 - 06:44
Dnyaneshwari-21_Transcript.md,Dnyaneshwari,"Chapter 6, Verse 290",06:50 - 06:53
Dnyaneshwari-21_Transcript.md,Dnyaneshwari,"Chapter 18, Verse 1038",09:15 - 09:21
Dnyaneshwari-21_Transcript.md,Dnyaneshwari,"Chapter 1, Verse 271",06:26:00 - 06:32:00
Dnyaneshwari-21_Transcript.md,Dnyaneshwari,"Chapter 1, Verse 271",06:33:00 - 06:40:00
Dnyaneshwari-21_Transcript.md,Dnyaneshwari,"Chapter 1, Verse 271",07:00:00 - 07:05:00
Dnyaneshwari-21_Transcript.md,Dnyaneshwari,"Chapter 1, Verse 271",07:22:00 - 07:28:00
Dnyaneshwari-21_Transcript.md,Dnyaneshwari,"Chapter 7, Verse 96",09:09:00 - 09:16:00
Dnyaneshwari-21_Transcript.md,Dnyaneshwari,"Chapter 1, Verse 271",01:10:00 - 01:15:00
Dnyaneshwari-21_Transcript.md,Dnyaneshwari,"Chapter 18, Verse 1006",03:13:00 - 03:19:00
Dnyaneshwari-21_Transcript.md,Dnyaneshwari,"Chapter 13, Verse 163",08:34:00 - 08:37:00
Dnyaneshwari-21_Transcript.md,Dnyaneshwari,"Chapter 18, Verse 1038",09:54:00 - 09:59:00
Dnyaneshwari-21_Transcript.md,Dnyaneshwari,"Chapter 16, Verse 424",01:17:00 - 01:23:00
Dnyaneshwari-21_Transcript.md,Dnyaneshwari,"Chapter 3, Verse 215",03:21:00 - 03:35:00
Dnyaneshwari-21_Transcript.md,Dnyaneshwari,"Chapter 18, Verse 1038",08:05:00 - 08:13:00
Dnyaneshwari-21_Transcript.md,Dnyaneshwari,"Chapter 18, Verse 1038",09:16:00 - 09:20:00
Dnyaneshwari-21_Transcript.md,Dnyaneshwari,"Chapter 2, Verse 58",09:22:00 - 09:32:00
Dnyaneshwari-22_Transcript.md,Dnyaneshwari,"Chapter 12, Verse 50",02:32 - 02:39
Dnyaneshwari-22_Transcript.md,Dnyaneshwari,"Chapter 11, Verse 265",04:40 - 04:49
Dnyaneshwari-22_Transcript.md,Dnyaneshwari,"Chapter 6, Verse 277",06:45 - 06:51
Dnyaneshwari-22_Transcript.md,Dnyaneshwari,"Chapter 6, Verse 273",07:39 - 07:45
Dnyaneshwari-22_Transcript.md,Dnyaneshwari,"Chapter 18, Verse 1038",08:33 - 08:39
Dnyaneshwari-22_Transcript.md,Dnyaneshwari,"Chapter 18, Verse 1038",12:46 - 13:02
Dnyaneshwari-22_Transcript.md,Dnyaneshwari,"Chapter 18, Verse 1039",13:02 - 13:12
Dnyaneshwari-22_Transcript.md,Dnyaneshwari,"Chapter 1, Verse 247",13:46 - 13:53
Dnyaneshwari-22_Transcript.md,Dnyaneshwari,"Chapter 18, Verse 1039",14:06 - 14:14
Dnyaneshwari-22_Transcript.md,Dnyaneshwari,"Chapter 18, Verse 1040",15:26 - 15:29
Dnyaneshwari-22_Transcript.md,Dnyaneshwari,"Chapter 18, Verse 1040",15:29 - 15:39
Dnyaneshwari-22_Transcript.md,Dnyaneshwari,"Chapter 18, Verse 1040",15:52 - 15:58
Dnyaneshwari-22_Transcript.md,Dnyaneshwari,"Chapter 18, Verse 1040",15:58 - 16:03
Dnyaneshwari-22_Transcript.md,Dnyaneshwari,"Chapter 12, Verse 245",22:48 - 22:54
Dnyaneshwari-22_Transcript.md,Dnyaneshwari,"Chapter 18, Verse 1040",23:32 - 23:43
Dnyaneshwari-22_Transcript.md,Dnyaneshwari,"Chapter 18, Verse 1041",23:45 - 23:55
Dnyaneshwari-22_Transcript.md,Dnyaneshwari,"Chapter 4, Verse 217",24:11 - 24:18
Dnyaneshwari-22_Transcript.md,Dnyaneshwari,"Chapter 18, Verse 1037",24:38 - 24:45
Dnyaneshwari-22_Transcript.md,Dnyaneshwari,"Chapter 15, Verse 38",27:39 - 27:52
Dnyaneshwari-22_Transcript.md,Dnyaneshwari,"Chapter 15, Verse 38",27:52 - 28:00
Dnyaneshwari-22_Transcript.md,Dnyaneshwari,"Chapter 15, Verse 38",28:16 - 28:23
Dnyaneshwari-22_Transcript.md,Dnyaneshwari,"Chapter 15, Verse 38",28:55 - 29:02
Dnyaneshwari-22_Transcript.md,Dnyaneshwari,"Chapter 15, Verse 38",29:02 - 29:05
Dnyaneshwari-22_Transcript.md,Dnyaneshwari,"Chapter 18, Verse 1041",29:43 - 29:51
Dnyaneshwari-23_Transcript.md,Dnyaneshwari,"Chapter 18, Verse 1033",00:00 - 00:06
Dnyaneshwari-23_Transcript.md,Dnyaneshwari,"Chapter 18, Verse 1034",00:06 - 00:11
Dnyaneshwari-23_Transcript.md,Dnyaneshwari,"Chapter 18, Verse 1035",00:11 - 00:17
Dnyaneshwari-23_Transcript.md,Dnyaneshwari,"Chapter 18, Verse 1036",00:17 - 00:24
Dnyaneshwari-23_Transcript.md,Dnyaneshwari,"Chapter 18, Verse 1037",00:24 - 00:31
Dnyaneshwari-23_Transcript.md,Dnyaneshwari,"Chapter 18, Verse 1038",00:31 - 00:37
Dnyaneshwari-23_Transcript.md,Dnyaneshwari,"Chapter 18, Verse 1039",00:37 - 00:43
Dnyaneshwari-23_Transcript.md,Dnyaneshwari,"Chapter 18, Verse 1040",00:43 - 00:49
Dnyaneshwari-23_Transcript.md,Dnyaneshwari,"Chapter 18, Verse 1041",00:49 - 00:55
Dnyaneshwari-23_Transcript.md,Dnyaneshwari,"Chapter 18, Verse 1042",00:55 - 01:02
Dnyaneshwari-23_Transcript.md,Dnyaneshwari,"Chapter 18, Verse 1043",01:02 - 01:09
Dnyaneshwari-23_Transcript.md,Dnyaneshwari,"Chapter 18, Verse 1073",01:02 - 01:09
Dnyaneshwari-23_Transcript.md,Dnyaneshwari,"Chapter 18, Verse 1044",01:09 - 01:16
Dnyaneshwari-23_Transcript.md,Dnyaneshwari,"Chapter 13, Verse 867",01:21 - 01:27
Dnyaneshwari-23_Transcript.md,Dnyaneshwari,"Chapter 18, Verse 1038",01:46 - 01:56
Dnyaneshwari-23_Transcript.md,Dnyaneshwari,"Chapter 13, Verse 274",03:53 - 03:58
Dnyaneshwari-23_Transcript.md,Dnyaneshwari,"Chapter 18, Verse 1038",07:57 - 08:04
Dnyaneshwari-23_Transcript.md,Dnyaneshwari,"Chapter 10, Verse 135",08:42 - 08:50
Dnyaneshwari-23_Transcript.md,Dnyaneshwari,"Chapter 1, Verse 22",11:15 - 11:55
Dnyaneshwari-23_Transcript.md,Dnyaneshwari,"Chapter 1, Verse 22",11:15 - 11:55
Dnyaneshwari-23_Transcript.md,Dnyaneshwari,"Chapter 1, Verse 22",12:30 - 12:58
Dnyaneshwari-23_Transcript.md,Dnyaneshwari,"Chapter 12, Verse 63",15:01 - 15:17
Dnyaneshwari-23_Transcript.md,Dnyaneshwari,"Chapter 1, Verse 22",18:05 - 18:12
Dnyaneshwari-23_Transcript.md,Dnyaneshwari,"Chapter 18, Verse 1038",20:14 - 20:48
Dnyaneshwari-23_Transcript.md,Dnyaneshwari,"Chapter 1, Verse 22",21:41 - 21:55
Dnyaneshwari-23_Transcript.md,Dnyaneshwari,"Chapter 8, Verse 133",22:17 - 22:22
Dnyaneshwari-23_Transcript.md,Dnyaneshwari,"Chapter 8, Verse 133",23:01 - 23:15
Dnyaneshwari-23_Transcript.md,Dnyaneshwari,"Chapter 8, Verse 133",23:19 - 23:43
Dnyaneshwari-23_Transcript.md,Dnyaneshwari,"Chapter 8, Verse 133",25:15 - 26:10
Dnyaneshwari-23_Transcript.md,Dnyaneshwari,"Chapter 1, Verse 22",26:42 - 27:13
Dnyaneshwari-23_Transcript.md,Dnyaneshwari,"Chapter 18, Verse 1038",27:46 - 28:11
Dnyaneshwari-23_Transcript.md,Dnyaneshwari,"Chapter 18, Verse 1037",28:35 - 28:58
Dnyaneshwari-23_Transcript.md,Dnyaneshwari,"Chapter 18, Verse 1038",28:35 - 28:58
Dnyaneshwari-23_Transcript.md,Dnyaneshwari,"Chapter 18, Verse 1039",31:43 - 31:49
Dnyaneshwari-23_Transcript.md,Dnyaneshwari,"Chapter 18, Verse 1040",31:49 - 31:56
Dnyaneshwari-23_Transcript.md,Dnyaneshwari,"Chapter 18, Verse 1041",31:56 - 32:02
Dnyaneshwari-23_Transcript.md,Dnyaneshwari,"Chapter 18, Verse 1042",32:34 - 32:42
Dnyaneshwari-23_Transcript.md,Dnyaneshwari,"Chapter 18, Verse 1042",32:52 - 33:01
Dnyaneshwari-23_Transcript.md,Dnyaneshwari,"Chapter 2, Verse 231",33:14 - 33:19
Dnyaneshwari-23_Transcript.md,Dnyaneshwari,"Chapter 2, Verse 231",33:36 - 33:48
Dnyaneshwari-23_Transcript.md,Dnyaneshwari,"Chapter 18, Verse 1042",36:27 - 36:34
Dnyaneshwari-23_Transcript.md,Dnyaneshwari,"Chapter 18, Verse 1043",36:34 - 36:42
Dnyaneshwari-23_Transcript.md,Dnyaneshwari,"Chapter 18, Verse 1073",36:34 - 36:42
Dnyaneshwari-23_Transcript.md,Dnyaneshwari,"Chapter 18, Verse 1044",36:42 - 36:56
Dnyaneshwari-23_Transcript.md,Dnyaneshwari,"Chapter 18, Verse 1073",37:47 - 38:05
Dnyaneshwari-23_Transcript.md,Dnyaneshwari,"Chapter 18, Verse 1073",39:48 - 40:15
Dnyaneshwari-23_Transcript.md,Dnyaneshwari,"Chapter 18, Verse 1073",40:37 - 40:51
Dnyaneshwari-23_Transcript.md,Dnyaneshwari,"Chapter 18, Verse 1043",40:51 - 41:01
Dnyaneshwari-23_Transcript.md,Dnyaneshwari,"Chapter 18, Verse 1043",41:13 - 41:26
Dnyaneshwari-23_Transcript.md,Dnyaneshwari,"Chapter 18, Verse 1073",41:22 - 41:26
Dnyaneshwari-23_Transcript.md,Dnyaneshwari,"Chapter 18, Verse 1044",41:26 - 41:39
Dnyaneshwari-23_Transcript.md,Dnyaneshwari,"Chapter 18, Verse 1073",42:41 - 42:57
Dnyaneshwari-24_Transcript.md,Dnyaneshwari,"Chapter 18, Verse 1142",00:56 - 00:58
Dnyaneshwari-24_Transcript.md,Dnyaneshwari,"Chapter 12, Verse 212",01:43 - 01:45
Dnyaneshwari-24_Transcript.md,Dnyaneshwari,"Chapter 17, Verse 328",02:59 - 03:06
Dnyaneshwari-24_Transcript.md,Dnyaneshwari,"Chapter 18, Verse 1547",04:04 - 04:09
Dnyaneshwari-24_Transcript.md,Dnyaneshwari,"Chapter 13, Verse 715",05:43 - 05:46
Dnyaneshwari-24_Transcript.md,Dnyaneshwari,"Chapter 18, Verse 1106",07:25 - 07:33
Dnyaneshwari-24_Transcript.md,Dnyaneshwari,"Chapter 18, Verse 1107",07:41 - 07:49
Dnyaneshwari-24_Transcript.md,Dnyaneshwari,"Chapter 18, Verse 1108",08:12 - 08:15
Dnyaneshwari-24_Transcript.md,Dnyaneshwari,"Chapter 10, Verse 118",10:15 - 10:23
Dnyaneshwari-24_Transcript.md,Dnyaneshwari,"Chapter 10, Verse 118",10:23 - 10:34
Dnyaneshwari-24_Transcript.md,Dnyaneshwari,"Chapter 10, Verse 118",11:39 - 11:40
Dnyaneshwari-24_Transcript.md,Dnyaneshwari,"Chapter 10, Verse 334",12:02 - 12:09
Dnyaneshwari-24_Transcript.md,Dnyaneshwari,"Chapter 10, Verse 118",13:38 - 13:41
Dnyaneshwari-24_Transcript.md,Dnyaneshwari,"Chapter 18, Verse 1803",13:53 - 13:58
Dnyaneshwari-24_Transcript.md,Dnyaneshwari,"Chapter 11, Verse 230",14:35 - 14:44
Dnyaneshwari-24_Transcript.md,Dnyaneshwari,"Chapter 11, Verse 229",14:44 - 14:47
Dnyaneshwari-24_Transcript.md,Dnyaneshwari,"Chapter 18, Verse 1108",15:47 - 15:52
Dnyaneshwari-24_Transcript.md,Dnyaneshwari,"Chapter 18, Verse 1109",15:52 - 16:10
Dnyaneshwari-24_Transcript.md,Dnyaneshwari,"Chapter 18, Verse 1110",15:52 - 16:10
Dnyaneshwari-24_Transcript.md,Dnyaneshwari,"Chapter 18, Verse 1109",16:19 - 16:28
Dnyaneshwari-24_Transcript.md,Dnyaneshwari,"Chapter 18, Verse 1109",18:27 - 18:30
Dnyaneshwari-24_Transcript.md,Dnyaneshwari,"Chapter 18, Verse 1109",18:49 - 18:55
Dnyaneshwari-24_Transcript.md,Dnyaneshwari,"Chapter 18, Verse 1109",19:42 - 19:46
Dnyaneshwari-24_Transcript.md,Dnyaneshwari,"Chapter 18, Verse 1109",20:28 - 20:32
Dnyaneshwari-24_Transcript.md,Dnyaneshwari,"Chapter 10, Verse 334",21:13 - 21:17
Dnyaneshwari-24_Transcript.md,Dnyaneshwari,"Chapter 18, Verse 1109",23:48 - 23:53
Dnyaneshwari-24_Transcript.md,Dnyaneshwari,"Chapter 18, Verse 1109",25:28 - 25:33
Dnyaneshwari-24_Transcript.md,Dnyaneshwari,"Chapter 4, Verse 165",28:33 - 28:40
Dnyaneshwari-24_Transcript.md,Dnyaneshwari,"Chapter 4, Verse 166",28:40 - 28:51
Dnyaneshwari-24_Transcript.md,Dnyaneshwari,"Chapter 4, Verse 167",28:40 - 28:51
Dnyaneshwari-24_Transcript.md,Dnyaneshwari,"Chapter 4, Verse 168",28:51 - 28:57
Dnyaneshwari-24_Transcript.md,Dnyaneshwari,"Chapter 4, Verse 168",29:28 - 29:35
Dnyaneshwari-24_Transcript.md,Dnyaneshwari,"Chapter 4, Verse 165",29:44 - 29:46
Dnyaneshwari-24_Transcript.md,Dnyaneshwari,"Chapter 18, Verse 1112",33:49 - 33:53
Dnyaneshwari-24_Transcript.md,Dnyaneshwari,"Chapter 18, Verse 704",33:53 - 33:55
Dnyaneshwari-24_Transcript.md,Dnyaneshwari,"Chapter 9, Verse 170",35:44 - 35:46
Dnyaneshwari-24_Transcript.md,Dnyaneshwari,"Chapter 9, Verse 169",36:31 - 36:33
Dnyaneshwari-24_Transcript.md,Dnyaneshwari,"Chapter 15, Verse 520",36:37 - 36:40
Dnyaneshwari-24_Transcript.md,Dnyaneshwari,"Chapter 18, Verse 1109",36:47 - 36:51
Dnyaneshwari-24_Transcript.md,Dnyaneshwari,"Chapter 18, Verse 1109",38:11 - 38:15
Dnyaneshwari-25_Transcript.md,Dnyaneshwari,"Chapter 15, Verse 281",00:08 - 00:11
Dnyaneshwari-25_Transcript.md,Dnyaneshwari,"Chapter 13, Verse 274",00:11 - 00:16
Dnyaneshwari-25_Transcript.md,Dnyaneshwari,"Chapter 18, Verse 1109",02:08 - 02:13
Dnyaneshwari-25_Transcript.md,Dnyaneshwari,"Chapter 18, Verse 1109",05:03 - 05:12
Dnyaneshwari-25_Transcript.md,Dnyaneshwari,"Chapter 11, Verse 631",05:52 - 06:01
Dnyaneshwari-25_Transcript.md,Dnyaneshwari,"Chapter 1, Verse 169",06:01 - 06:10
Dnyaneshwari-25_Transcript.md,Dnyaneshwari,"Chapter 11, Verse 609",06:59 - 07:06
Dnyaneshwari-25_Transcript.md,Dnyaneshwari,"Chapter 9, Verse 163",10:28 - 10:34
Dnyaneshwari-25_Transcript.md,Dnyaneshwari,"Chapter 13, Verse 815",11:07 - 11:12
Dnyaneshwari-25_Transcript.md,Dnyaneshwari,"Chapter 13, Verse 818",11:27 - 11:32
Dnyaneshwari-25_Transcript.md,Dnyaneshwari,"Chapter 18, Verse 1109",12:22 - 12:28
Dnyaneshwari-25_Transcript.md,Dnyaneshwari,"Chapter 9, Verse 95",12:42 - 12:49
Dnyaneshwari-25_Transcript.md,Dnyaneshwari,"Chapter 14, Verse 151",13:01 - 13:06
Dnyaneshwari-25_Transcript.md,Dnyaneshwari,"Chapter 13, Verse 714",13:57 - 14:10
Dnyaneshwari-25_Transcript.md,Dnyaneshwari,"Chapter 14, Verse 151",14:12 - 14:15
Dnyaneshwari-25_Transcript.md,Dnyaneshwari,"Chapter 18, Verse 1109",15:38 - 15:45
Dnyaneshwari-25_Transcript.md,Dnyaneshwari,"Chapter 18, Verse 1109",16:41 - 16:50
Dnyaneshwari-25_Transcript.md,Dnyaneshwari,"Chapter 18, Verse 1351",17:38 - 17:46
Dnyaneshwari-25_Transcript.md,Dnyaneshwari,"Chapter 18, Verse 1631",18:08 - 18:15
Dnyaneshwari-25_Transcript.md,Dnyaneshwari,"Chapter 15, Verse 525",18:08 - 18:15
Dnyaneshwari-25_Transcript.md,Dnyaneshwari,"Chapter 18, Verse 1109",22:56 - 23:11
Dnyaneshwari-25_Transcript.md,Dnyaneshwari,"Chapter 18, Verse 1110",23:11 - 23:19
Dnyaneshwari-25_Transcript.md,Dnyaneshwari,"Chapter 18, Verse 1110",23:54 - 24:01
Dnyaneshwari-25_Transcript.md,Dnyaneshwari,"Chapter 18, Verse 1110",24:14 - 24:24
Dnyaneshwari-25_Transcript.md,Dnyaneshwari,"Chapter 18, Verse 1110",25:26 - 25:33
Dnyaneshwari-25_Transcript.md,Dnyaneshwari,"Chapter 18, Verse 1110",26:30 - 26:35
Dnyaneshwari-25_Transcript.md,Dnyaneshwari,"Chapter 18, Verse 1110",26:39 - 26:44
Dnyaneshwari-25_Transcript.md,Dnyaneshwari,"Chapter 11, Verse 36",27:28 - 27:34
Dnyaneshwari-25_Transcript.md,Dnyaneshwari,"Chapter 11, Verse 83",28:02 - 28:14
Dnyaneshwari-25_Transcript.md,Dnyaneshwari,"Chapter 11, Verse 83",28:14 - 28:18
Dnyaneshwari-25_Transcript.md,Dnyaneshwari,"Chapter 11, Verse 180",28:51 - 28:56
Dnyaneshwari-25_Transcript.md,Dnyaneshwari,"Chapter 11, Verse 83",29:00 - 29:12
Dnyaneshwari-25_Transcript.md,Dnyaneshwari,"Chapter 11, Verse 83",29:29 - 29:38
Dnyaneshwari-25_Transcript.md,Dnyaneshwari,"Chapter 11, Verse 83",29:52 - 29:59
Dnyaneshwari-25_Transcript.md,Dnyaneshwari,"Chapter 18, Verse 1110",30:07 - 30:15
Dnyaneshwari-26_Transcript.md,Dnyaneshwari,"Chapter 18, Verse 1111",00:00 - 00:30
Dnyaneshwari-26_Transcript.md,Dnyaneshwari,"Chapter 18, Verse 1112",00:00 - 00:30
Dnyaneshwari-26_Transcript.md,Dnyaneshwari,"Chapter 15, Verse 281",01:16 - 01:23
Dnyaneshwari-26_Transcript.md,Dnyaneshwari,"Chapter 18, Verse 1109",02:50 - 02:58
Dnyaneshwari-26_Transcript.md,Dnyaneshwari,"Chapter 18, Verse 1110",03:46 - 03:51
Dnyaneshwari-26_Transcript.md,Dnyaneshwari,"Chapter 18, Verse 1110",06:09 - 06:22
Dnyaneshwari-26_Transcript.md,Dnyaneshwari,"Chapter 10, Verse 116",06:31 - 06:55
Dnyaneshwari-26_Transcript.md,Dnyaneshwari,"Chapter 9, Verse 282",07:56 - 08:03
Dnyaneshwari-26_Transcript.md,Dnyaneshwari,"Chapter 9, Verse 282",07:56 - 08:03
Dnyaneshwari-26_Transcript.md,Dnyaneshwari,"Chapter 18, Verse 1109",08:30 - 08:33
Dnyaneshwari-26_Transcript.md,Dnyaneshwari,"Chapter 12, Verse 245",09:00 - 09:05
Dnyaneshwari-26_Transcript.md,Dnyaneshwari,"Chapter 18, Verse 1110",11:46 - 11:55
Dnyaneshwari-26_Transcript.md,Dnyaneshwari,"Chapter 18, Verse 1110",15:47 - 15:57
Dnyaneshwari-26_Transcript.md,Dnyaneshwari,"Chapter 11, Verse 698",16:28 - 16:47
Dnyaneshwari-26_Transcript.md,Dnyaneshwari,"Chapter 18, Verse 1107",16:28 - 16:47
Dnyaneshwari-26_Transcript.md,Dnyaneshwari,"Chapter 18, Verse 1175",16:47 - 16:53
Dnyaneshwari-26_Transcript.md,Dnyaneshwari,"Chapter 9, Verse 31",18:42 - 18:49
Dnyaneshwari-26_Transcript.md,Dnyaneshwari,"Chapter 18, Verse 1110",19:20 - 19:34
Dnyaneshwari-26_Transcript.md,Dnyaneshwari,"Chapter 15, Verse 281",20:01 - 20:08
Dnyaneshwari-26_Transcript.md,Dnyaneshwari,"Chapter 15, Verse 281",20:12 - 20:17
Dnyaneshwari-26_Transcript.md,Dnyaneshwari,"Chapter 18, Verse 1110",20:17 - 20:47
Dnyaneshwari-26_Transcript.md,Dnyaneshwari,"Chapter 18, Verse 1111",20:17 - 20:47
Dnyaneshwari-26_Transcript.md,Dnyaneshwari,"Chapter 18, Verse 1110",20:55 - 20:58
Dnyaneshwari-26_Transcript.md,Dnyaneshwari,"Chapter 9, Verse 120",21:31 - 21:35
Dnyaneshwari-26_Transcript.md,Dnyaneshwari,"Chapter 9, Verse 120",21:52 - 22:00
Dnyaneshwari-26_Transcript.md,Dnyaneshwari,"Chapter 18, Verse 1111",22:12 - 22:24
Dnyaneshwari-26_Transcript.md,Dnyaneshwari,"Chapter 16, Verse 148",22:12 - 22:24
Dnyaneshwari-26_Transcript.md,Dnyaneshwari,"Chapter 15, Verse 597",22:40 - 22:47
Dnyaneshwari-26_Transcript.md,Dnyaneshwari,"Chapter 15, Verse 597",22:47 - 22:57
Dnyaneshwari-26_Transcript.md,Dnyaneshwari,"Chapter 18, Verse 1110",23:19 - 23:28
Dnyaneshwari-26_Transcript.md,Dnyaneshwari,"Chapter 18, Verse 1112",24:46 - 24:57
Dnyaneshwari-27_Transcript.md,Dnyaneshwari,"Chapter 18, Verse 1108",00:00 - 00:07
Dnyaneshwari-27_Transcript.md,Dnyaneshwari,"Chapter 18, Verse 1109",00:07 - 00:17
Dnyaneshwari-27_Transcript.md,Dnyaneshwari,"Chapter 18, Verse 1110",00:17 - 00:24
Dnyaneshwari-27_Transcript.md,Dnyaneshwari,"Chapter 18, Verse 1111",00:24 - 00:32
Dnyaneshwari-27_Transcript.md,Dnyaneshwari,"Chapter 18, Verse 1112",00:32 - 00:38
Dnyaneshwari-27_Transcript.md,Dnyaneshwari,"Chapter 18, Verse 1113",00:38 - 00:44
Dnyaneshwari-27_Transcript.md,Dnyaneshwari,"Chapter 18, Verse 1114",00:44 - 00:51
Dnyaneshwari-27_Transcript.md,Dnyaneshwari,"Chapter 18, Verse 1115",00:51 - 00:57
Dnyaneshwari-27_Transcript.md,Dnyaneshwari,"Chapter 18, Verse 1116",00:57 - 01:14
Dnyaneshwari-27_Transcript.md,Dnyaneshwari,"Chapter 18, Verse 1110",05:16 - 01:17
Dnyaneshwari-27_Transcript.md,Dnyaneshwari,"Chapter 18, Verse 1110",05:16 - 01:17
Dnyaneshwari-28_Transcript.md,Dnyaneshwari,"Chapter 18, Verse 1111",00:03 - 00:14
Dnyaneshwari-28_Transcript.md,Dnyaneshwari,"Chapter 18, Verse 1112",00:14 - 00:16
Dnyaneshwari-28_Transcript.md,Dnyaneshwari,"Chapter 18, Verse 1113",00:21 - 00:27
Dnyaneshwari-28_Transcript.md,Dnyaneshwari,"Chapter 18, Verse 1114",00:27 - 00:34
Dnyaneshwari-28_Transcript.md,Dnyaneshwari,"Chapter 18, Verse 1115",00:34 - 00:39
Dnyaneshwari-28_Transcript.md,Dnyaneshwari,"Chapter 18, Verse 1116",00:39 - 00:47
Dnyaneshwari-28_Transcript.md,Dnyaneshwari,"Chapter 18, Verse 1117",00:47 - 00:54
Dnyaneshwari-28_Transcript.md,Dnyaneshwari,"Chapter 12, Verse 103",00:47 - 00:54
Dnyaneshwari-28_Transcript.md,Dnyaneshwari,"Chapter 18, Verse 1107",02:43 - 02:46
Dnyaneshwari-28_Transcript.md,Dnyaneshwari,"Chapter 11, Verse 698",03:54 - 03:58
Dnyaneshwari-28_Transcript.md,Dnyaneshwari,"Chapter 4, Verse 67",04:00 - 04:05
Dnyaneshwari-28_Transcript.md,Dnyaneshwari,"Chapter 4, Verse 67",04:08 - 04:12
Dnyaneshwari-28_Transcript.md,Dnyaneshwari,"Chapter 4, Verse 67",01:13 - 01:16
Dnyaneshwari-28_Transcript.md,Dnyaneshwari,"Chapter 18, Verse 1113",01:26 - 01:33
Dnyaneshwari-28_Transcript.md,Dnyaneshwari,"Chapter 13, Verse 1057",05:02 - 05:07
Dnyaneshwari-28_Transcript.md,Dnyaneshwari,"Chapter 12, Verse 70",09:51 - 01:00:00
Dnyaneshwari-28_Transcript.md,Dnyaneshwari,"Chapter 4, Verse 67",03:14:00 - 03:17:00
Dnyaneshwari-28_Transcript.md,Dnyaneshwari,"Chapter 18, Verse 1114",11:20:00 - 11:28:00
Dnyaneshwari-28_Transcript.md,Dnyaneshwari,"Chapter 18, Verse 1114",13:00:00 - 13:05:00
Dnyaneshwari-28_Transcript.md,Dnyaneshwari,"Chapter 18, Verse 1115",13:05:00 - 13:11:00
Dnyaneshwari-28_Transcript.md,Dnyaneshwari,"Chapter 18, Verse 1107",13:16:00 - 13:18:00
Dnyaneshwari-28_Transcript.md,Dnyaneshwari,"Chapter 16, Verse 351",04:24:00 - 04:29:00
Dnyaneshwari-28_Transcript.md,Dnyaneshwari,"Chapter 16, Verse 351",05:03:00 - 05:07:00
Dnyaneshwari-28_Transcript.md,Dnyaneshwari,"Chapter 18, Verse 1114",09:30:00 - 09:36:00
Dnyaneshwari-28_Transcript.md,Dnyaneshwari,"Chapter 18, Verse 1115",09:36:00 - 09:41:00
Dnyaneshwari-29_Transcript.md,Dnyaneshwari,"Chapter 18, Verse 1112",00:00 - 00:06
Dnyaneshwari-29_Transcript.md,Dnyaneshwari,"Chapter 18, Verse 1113",00:06 - 00:12
Dnyaneshwari-29_Transcript.md,Dnyaneshwari,"Chapter 18, Verse 1114",00:12 - 00:18
Dnyaneshwari-29_Transcript.md,Dnyaneshwari,"Chapter 18, Verse 1115",00:18 - 00:24
Dnyaneshwari-29_Transcript.md,Dnyaneshwari,"Chapter 18, Verse 1116",00:24 - 00:32
Dnyaneshwari-29_Transcript.md,Dnyaneshwari,"Chapter 18, Verse 1117",00:32 - 00:38
Dnyaneshwari-29_Transcript.md,Dnyaneshwari,"Chapter 12, Verse 103",00:32 - 00:38
Dnyaneshwari-29_Transcript.md,Dnyaneshwari,"Chapter 18, Verse 1118",00:38 - 00:44
Dnyaneshwari-29_Transcript.md,Dnyaneshwari,"Chapter 13, Verse 1116",00:44 - 00:51
Dnyaneshwari-29_Transcript.md,Dnyaneshwari,"Chapter 18, Verse 1119",00:44 - 00:51
Dnyaneshwari-29_Transcript.md,Dnyaneshwari,"Chapter 18, Verse 1120",00:51 - 00:57
Dnyaneshwari-29_Transcript.md,Dnyaneshwari,"Chapter 18, Verse 1121",00:57 - 01:04
Dnyaneshwari-29_Transcript.md,Dnyaneshwari,"Chapter 18, Verse 1123",01:11 - 01:17
Dnyaneshwari-29_Transcript.md,Dnyaneshwari,"Chapter 18, Verse 1124",01:17 - 01:24
Dnyaneshwari-29_Transcript.md,Dnyaneshwari,"Chapter 18, Verse 1112",01:30 - 01:37
Dnyaneshwari-29_Transcript.md,Dnyaneshwari,"Chapter 9, Verse 63",03:56 - 04:11
Dnyaneshwari-29_Transcript.md,Dnyaneshwari,"Chapter 9, Verse 63",03:56 - 04:11
Dnyaneshwari-29_Transcript.md,Dnyaneshwari,"Chapter 18, Verse 1112",04:30 - 04:52
Dnyaneshwari-29_Transcript.md,Dnyaneshwari,"Chapter 18, Verse 1112",05:55 - 06:05
Dnyaneshwari-29_Transcript.md,Dnyaneshwari,"Chapter 18, Verse 1114",06:51 - 07:06
Dnyaneshwari-29_Transcript.md,Dnyaneshwari,"Chapter 14, Verse 151",08:45 - 08:55
Dnyaneshwari-29_Transcript.md,Dnyaneshwari,"Chapter 14, Verse 151",08:55 - 09:26
Dnyaneshwari-29_Transcript.md,Dnyaneshwari,"Chapter 18, Verse 1116",09:44 - 10:25
Dnyaneshwari-29_Transcript.md,Dnyaneshwari,"Chapter 18, Verse 1116",09:44 - 10:25
Dnyaneshwari-29_Transcript.md,Dnyaneshwari,"Chapter 15, Verse 272",15:07 - 15:14
Dnyaneshwari-29_Transcript.md,Dnyaneshwari,"Chapter 18, Verse 1116",20:17 - 20:30
Dnyaneshwari-29_Transcript.md,Dnyaneshwari,"Chapter 18, Verse 1117",20:30 - 20:38
Dnyaneshwari-29_Transcript.md,Dnyaneshwari,"Chapter 12, Verse 103",20:30 - 20:38
Dnyaneshwari-29_Transcript.md,Dnyaneshwari,"Chapter 15, Verse 541",20:55 - 21:00
Dnyaneshwari-29_Transcript.md,Dnyaneshwari,"Chapter 18, Verse 1117",21:00 - 21:47
Dnyaneshwari-29_Transcript.md,Dnyaneshwari,"Chapter 18, Verse 1117",22:18 - 23:05
Dnyaneshwari-29_Transcript.md,Dnyaneshwari,"Chapter 12, Verse 103",22:18 - 23:05
Dnyaneshwari-29_Transcript.md,Dnyaneshwari,"Chapter 18, Verse 1118",23:05 - 23:17
Dnyaneshwari-29_Transcript.md,Dnyaneshwari,"Chapter 18, Verse 1118",23:42 - 24:21
Dnyaneshwari-29_Transcript.md,Dnyaneshwari,"Chapter 18, Verse 1118",25:03 - 25:29
Dnyaneshwari-29_Transcript.md,Dnyaneshwari,"Chapter 10, Verse 118",29:04 - 30:05
Dnyaneshwari-29_Transcript.md,Dnyaneshwari,"Chapter 18, Verse 1118",29:04 - 30:05
Dnyaneshwari-29_Transcript.md,Dnyaneshwari,"Chapter 11, Verse 178",30:35 - 30:59
Dnyaneshwari-29_Transcript.md,Dnyaneshwari,"Chapter 13, Verse 176",33:07 - 33:30
Dnyaneshwari-29_Transcript.md,Dnyaneshwari,"Chapter 18, Verse 1119",33:43 - 34:25
Dnyaneshwari-29_Transcript.md,Dnyaneshwari,"Chapter 18, Verse 1119",33:43 - 34:25
Dnyaneshwari-29_Transcript.md,Dnyaneshwari,"Chapter 9, Verse 300",34:34 - 34:53
Dnyaneshwari-29_Transcript.md,Dnyaneshwari,"Chapter 4, Verse 22",36:40 - 36:45
Dnyaneshwari-29_Transcript.md,Dnyaneshwari,"Chapter 4, Verse 22",36:56 - 38:10
Dnyaneshwari-29_Transcript.md,Dnyaneshwari,"Chapter 4, Verse 22",36:56 - 38:10
Dnyaneshwari-29_Transcript.md,Dnyaneshwari,"Chapter 7, Verse 136",38:21 - 38:43
Dnyaneshwari-29_Transcript.md,Dnyaneshwari,"Chapter 9, Verse 300",39:25 - 39:40
Dnyaneshwari-29_Transcript.md,Dnyaneshwari,"Chapter 18, Verse 447",39:40 - 39:57
Dnyaneshwari-29_Transcript.md,Dnyaneshwari,"Chapter 10, Verse 159",40:06 - 40:20
Dnyaneshwari-29_Transcript.md,Dnyaneshwari,"Chapter 10, Verse 159",40:06 - 40:20
Dnyaneshwari-29_Transcript.md,Dnyaneshwari,"Chapter 10, Verse 159",40:20 - 40:55
Dnyaneshwari-29_Transcript.md,Dnyaneshwari,"Chapter 10, Verse 159",40:20 - 40:55
Dnyaneshwari-30_Transcript.md,Dnyaneshwari,"Chapter 18, Verse 1127",00:01 - 00:08
Dnyaneshwari-30_Transcript.md,Dnyaneshwari,"Chapter 18, Verse 1128",00:08 - 00:14
Dnyaneshwari-30_Transcript.md,Dnyaneshwari,"Chapter 18, Verse 1129",00:14 - 00:20
Dnyaneshwari-30_Transcript.md,Dnyaneshwari,"Chapter 18, Verse 1130",00:20 - 00:27
Dnyaneshwari-30_Transcript.md,Dnyaneshwari,"Chapter 18, Verse 1132",00:33 - 00:41
Dnyaneshwari-30_Transcript.md,Dnyaneshwari,"Chapter 18, Verse 1133",00:41 - 00:48
Dnyaneshwari-30_Transcript.md,Dnyaneshwari,"Chapter 18, Verse 1134",00:48 - 00:57
Dnyaneshwari-30_Transcript.md,Dnyaneshwari,"Chapter 18, Verse 1135",00:57 - 01:04
Dnyaneshwari-30_Transcript.md,Dnyaneshwari,"Chapter 18, Verse 1136",01:04 - 01:10
Dnyaneshwari-30_Transcript.md,Dnyaneshwari,"Chapter 18, Verse 1006",01:16 - 01:18
Dnyaneshwari-30_Transcript.md,Dnyaneshwari,"Chapter 17, Verse 232",04:45 - 04:50
Dnyaneshwari-30_Transcript.md,Dnyaneshwari,"Chapter 17, Verse 232",04:52 - 04:57
Dnyaneshwari-30_Transcript.md,Dnyaneshwari,"Chapter 17, Verse 232",05:00 - 05:05
Dnyaneshwari-30_Transcript.md,Dnyaneshwari,"Chapter 18, Verse 1130",05:17 - 05:25
Dnyaneshwari-30_Transcript.md,Dnyaneshwari,"Chapter 15, Verse 585",07:33 - 07:37
Dnyaneshwari-30_Transcript.md,Dnyaneshwari,"Chapter 2, Verse 158",12:00 - 12:04
Dnyaneshwari-30_Transcript.md,Dnyaneshwari,"Chapter 8, Verse 59",15:16 - 15:18
Dnyaneshwari-30_Transcript.md,Dnyaneshwari,"Chapter 18, Verse 1130",20:07 - 20:09
Dnyaneshwari-30_Transcript.md,Dnyaneshwari,"Chapter 11, Verse 152",25:44 - 25:45
Dnyaneshwari-30_Transcript.md,Dnyaneshwari,"Chapter 18, Verse 1130",26:04 - 26:08
Dnyaneshwari-30_Transcript.md,Dnyaneshwari,"Chapter 18, Verse 1681",27:21 - 27:26
Dnyaneshwari-30_Transcript.md,Dnyaneshwari,"Chapter 18, Verse 1130",28:06 - 28:11
Dnyaneshwari-30_Transcript.md,Dnyaneshwari,"Chapter 18, Verse 394",28:36 - 28:47
Dnyaneshwari-30_Transcript.md,Dnyaneshwari,"Chapter 9, Verse 95",29:07 - 29:14
Dnyaneshwari-30_Transcript.md,Dnyaneshwari,"Chapter 8, Verse 42",30:55 - 30:56
Dnyaneshwari-30_Transcript.md,Dnyaneshwari,"Chapter 18, Verse 1130",01:42 - 01:48
Dnyaneshwari-30_Transcript.md,Dnyaneshwari,"Chapter 13, Verse 76",46:02 - 46:04
Dnyaneshwari-30_Transcript.md,Dnyaneshwari,"Chapter 6, Verse 290",46:40 - 46:45
Dnyaneshwari-30_Transcript.md,Dnyaneshwari,"Chapter 13, Verse 1017",48:14 - 48:16
Dnyaneshwari-30_Transcript.md,Dnyaneshwari,"Chapter 6, Verse 290",48:39 - 48:44
Dnyaneshwari-30_Transcript.md,Dnyaneshwari,"Chapter 18, Verse 1132",51:54 - 51:58
Dnyaneshwari-30_Transcript.md,Dnyaneshwari,"Chapter 18, Verse 1132",51:58 - 52:02
Dnyaneshwari-31_Transcript.md,Dnyaneshwari,"Chapter 18, Verse 1129",00:01 - 00:08
Dnyaneshwari-31_Transcript.md,Dnyaneshwari,"Chapter 18, Verse 1130",00:08 - 00:15
Dnyaneshwari-31_Transcript.md,Dnyaneshwari,"Chapter 18, Verse 1131",00:15 - 00:21
Dnyaneshwari-31_Transcript.md,Dnyaneshwari,"Chapter 18, Verse 1132",00:21 - 00:29
Dnyaneshwari-31_Transcript.md,Dnyaneshwari,"Chapter 18, Verse 1133",00:29 - 00:34
Dnyaneshwari-31_Transcript.md,Dnyaneshwari,"Chapter 18, Verse 1134",00:37 - 00:44
Dnyaneshwari-31_Transcript.md,Dnyaneshwari,"Chapter 18, Verse 1135",00:44 - 00:52
Dnyaneshwari-31_Transcript.md,Dnyaneshwari,"Chapter 18, Verse 1136",00:52 - 01:02
Dnyaneshwari-31_Transcript.md,Dnyaneshwari,"Chapter 18, Verse 1137",01:02 - 01:23
Dnyaneshwari-31_Transcript.md,Dnyaneshwari,"Chapter 18, Verse 1130",01:33 - 01:47
Dnyaneshwari-31_Transcript.md,Dnyaneshwari,"Chapter 18, Verse 1132",04:00 - 04:04
Dnyaneshwari-31_Transcript.md,Dnyaneshwari,"Chapter 18, Verse 1132",04:59 - 05:08
Dnyaneshwari-31_Transcript.md,Dnyaneshwari,"Chapter 7, Verse 156",08:34 - 08:39
Dnyaneshwari-31_Transcript.md,Dnyaneshwari,"Chapter 6, Verse 394",15:05 - 15:09
Dnyaneshwari-31_Transcript.md,Dnyaneshwari,"Chapter 3, Verse 229",15:43 - 15:50
Dnyaneshwari-31_Transcript.md,Dnyaneshwari,"Chapter 18, Verse 1132",16:25 - 16:33
Dnyaneshwari-31_Transcript.md,Dnyaneshwari,"Chapter 18, Verse 1132",19:38 - 19:44
Dnyaneshwari-31_Transcript.md,Dnyaneshwari,"Chapter 18, Verse 1132",24:15 - 24:23
Dnyaneshwari-31_Transcript.md,Dnyaneshwari,"Chapter 9, Verse 452",25:01 - 25:08
Dnyaneshwari-31_Transcript.md,Dnyaneshwari,"Chapter 18, Verse 1132",25:53 - 26:02
Dnyaneshwari-31_Transcript.md,Dnyaneshwari,"Chapter 18, Verse 1131",26:11 - 26:17
Dnyaneshwari-32_Transcript.md,Dnyaneshwari,"Chapter 18, Verse 1129",00:01 - 00:08
Dnyaneshwari-32_Transcript.md,Dnyaneshwari,"Chapter 18, Verse 1130",00:01 - 00:16
Dnyaneshwari-32_Transcript.md,Dnyaneshwari,"Chapter 18, Verse 1132",00:23 - 00:33
Dnyaneshwari-32_Transcript.md,Dnyaneshwari,"Chapter 18, Verse 1133",00:33 - 00:43
Dnyaneshwari-32_Transcript.md,Dnyaneshwari,"Chapter 18, Verse 1006",01:17 - 01:26
Dnyaneshwari-32_Transcript.md,Dnyaneshwari,"Chapter 18, Verse 1006",01:41 - 01:50
Dnyaneshwari-32_Transcript.md,Dnyaneshwari,"Chapter 18, Verse 1130",02:45 - 03:02
Dnyaneshwari-32_Transcript.md,Dnyaneshwari,"Chapter 18, Verse 1038",03:05 - 03:09
Dnyaneshwari-32_Transcript.md,Dnyaneshwari,"Chapter 18, Verse 1130",04:02 - 04:16
Dnyaneshwari-32_Transcript.md,Dnyaneshwari,"Chapter 18, Verse 1132",04:49 - 04:57
Dnyaneshwari-32_Transcript.md,Dnyaneshwari,"Chapter 17, Verse 12",05:32 - 05:44
Dnyaneshwari-32_Transcript.md,Dnyaneshwari,"Chapter 17, Verse 12",05:49 - 06:00
Dnyaneshwari-32_Transcript.md,Dnyaneshwari,"Chapter 17, Verse 13",06:00 - 06:08
Dnyaneshwari-32_Transcript.md,Dnyaneshwari,"Chapter 17, Verse 12",06:19 - 06:29
Dnyaneshwari-32_Transcript.md,Dnyaneshwari,"Chapter 17, Verse 336",06:54 - 07:00
Dnyaneshwari-32_Transcript.md,Dnyaneshwari,"Chapter 18, Verse 1132",07:15 - 07:36
Dnyaneshwari-32_Transcript.md,Dnyaneshwari,"Chapter 17, Verse 11",10:02 - 10:13
Dnyaneshwari-32_Transcript.md,Dnyaneshwari,"Chapter 17, Verse 13",10:30 - 10:45
Dnyaneshwari-32_Transcript.md,Dnyaneshwari,"Chapter 17, Verse 13",12:01 - 12:09
Dnyaneshwari-32_Transcript.md,Dnyaneshwari,"Chapter 17, Verse 13",12:09 - 12:17
Dnyaneshwari-32_Transcript.md,Dnyaneshwari,"Chapter 17, Verse 14",12:26 - 13:03
Dnyaneshwari-32_Transcript.md,Dnyaneshwari,"Chapter 17, Verse 13",13:20 - 13:46
Dnyaneshwari-32_Transcript.md,Dnyaneshwari,"Chapter 17, Verse 14",13:26 - 13:46
Dnyaneshwari-32_Transcript.md,Dnyaneshwari,"Chapter 9, Verse 367",16:31 - 16:45
Dnyaneshwari-32_Transcript.md,Dnyaneshwari,"Chapter 9, Verse 367",17:00 - 17:10
Dnyaneshwari-32_Transcript.md,Dnyaneshwari,"Chapter 11, Verse 13",18:01 - 18:07
Dnyaneshwari-32_Transcript.md,Dnyaneshwari,"Chapter 18, Verse 1132",18:01 - 18:20
Dnyaneshwari-32_Transcript.md,Dnyaneshwari,"Chapter 17, Verse 12",19:23 - 19:45
Dnyaneshwari-32_Transcript.md,Dnyaneshwari,"Chapter 17, Verse 13",20:47 - 20:58
Dnyaneshwari-32_Transcript.md,Dnyaneshwari,"Chapter 17, Verse 13",20:47 - 20:58
Dnyaneshwari-32_Transcript.md,Dnyaneshwari,"Chapter 18, Verse 1133",21:26 - 21:33
Dnyaneshwari-32_Transcript.md,Dnyaneshwari,"Chapter 18, Verse 1135",21:46 - 21:53
Dnyaneshwari-32_Transcript.md,Dnyaneshwari,"Chapter 18, Verse 1136",21:53 - 22:02
Dnyaneshwari-32_Transcript.md,Dnyaneshwari,"Chapter 18, Verse 1132",22:50 - 23:01
Dnyaneshwari-32_Transcript.md,Dnyaneshwari,"Chapter 18, Verse 1133",23:11 - 23:23
Dnyaneshwari-32_Transcript.md,Dnyaneshwari,"Chapter 18, Verse 1133",23:23 - 23:36
Dnyaneshwari-32_Transcript.md,Dnyaneshwari,"Chapter 18, Verse 1134",23:48 - 23:56
Dnyaneshwari-32_Transcript.md,Dnyaneshwari,"Chapter 18, Verse 1136",24:44 - 24:55
Dnyaneshwari-32_Transcript.md,Dnyaneshwari,"Chapter 11, Verse 55",25:44 - 26:02
Dnyaneshwari-32_Transcript.md,Dnyaneshwari,"Chapter 15, Verse 541",25:44 - 26:02
Dnyaneshwari-32_Transcript.md,Dnyaneshwari,"Chapter 18, Verse 1136",26:27 - 26:33
Dnyaneshwari-32_Transcript.md,Dnyaneshwari,"Chapter 15, Verse 294",27:11 - 27:17
Dnyaneshwari-32_Transcript.md,Dnyaneshwari,"Chapter 18, Verse 1132",27:51 - 28:03
Dnyaneshwari-32_Transcript.md,Dnyaneshwari,"Chapter 17, Verse 13",29:27 - 29:51
Dnyaneshwari-32_Transcript.md,Dnyaneshwari,"Chapter 17, Verse 14",29:27 - 29:51
Dnyaneshwari-32_Transcript.md,Dnyaneshwari,"Chapter 17, Verse 16",30:00 - 30:14
Dnyaneshwari-32_Transcript.md,Dnyaneshwari,"Chapter 18, Verse 49",30:14 - 30:20
Dnyaneshwari-32_Transcript.md,Dnyaneshwari,"Chapter 11, Verse 13",30:14 - 30:20
Dnyaneshwari-32_Transcript.md,Dnyaneshwari,"Chapter 17, Verse 12",30:46 - 31:11
Dnyaneshwari-32_Transcript.md,Dnyaneshwari,"Chapter 15, Verse 21",31:27 - 31:34
Dnyaneshwari-32_Transcript.md,Dnyaneshwari,"Chapter 15, Verse 21",31:37 - 31:46
Dnyaneshwari-32_Transcript.md,Dnyaneshwari,"Chapter 15, Verse 391",31:51 - 31:58
Dnyaneshwari-32_Transcript.md,Dnyaneshwari,"Chapter 15, Verse 21",31:58 - 32:02
Dnyaneshwari-32_Transcript.md,Dnyaneshwari,"Chapter 6, Verse 492",32:10 - 32:16
Dnyaneshwari-32_Transcript.md,Dnyaneshwari,"Chapter 17, Verse 12",32:37 - 32:47
Dnyaneshwari-32_Transcript.md,Dnyaneshwari,"Chapter 18, Verse 1132",33:38 - 33:49
Dnyaneshwari-33_Transcript.md,Dnyaneshwari,"Chapter 18, Verse 1132",00:07 - 00:14
Dnyaneshwari-33_Transcript.md,Dnyaneshwari,"Chapter 18, Verse 1133",00:14 - 00:20
Dnyaneshwari-33_Transcript.md,Dnyaneshwari,"Chapter 18, Verse 1136",00:34 - 00:40
Dnyaneshwari-33_Transcript.md,Dnyaneshwari,"Chapter 18, Verse 1137",00:40 - 00:47
Dnyaneshwari-33_Transcript.md,Dnyaneshwari,"Chapter 18, Verse 1138",00:47 - 00:54
Dnyaneshwari-33_Transcript.md,Dnyaneshwari,"Chapter 18, Verse 1139",00:54 - 01:01
Dnyaneshwari-33_Transcript.md,Dnyaneshwari,"Chapter 18, Verse 1140",01:01 - 01:18
Dnyaneshwari-33_Transcript.md,Dnyaneshwari,"Chapter 12, Verse 23",06:08 - 06:10
Dnyaneshwari-33_Transcript.md,Dnyaneshwari,"Chapter 12, Verse 24",06:13 - 06:18
Dnyaneshwari-33_Transcript.md,Dnyaneshwari,"Chapter 12, Verse 23",06:24 - 06:27
Dnyaneshwari-33_Transcript.md,Dnyaneshwari,"Chapter 12, Verse 23",06:30 - 06:37
Dnyaneshwari-33_Transcript.md,Dnyaneshwari,"Chapter 12, Verse 23",06:46 - 06:49
Dnyaneshwari-33_Transcript.md,Dnyaneshwari,"Chapter 12, Verse 23",07:08 - 07:10
Dnyaneshwari-33_Transcript.md,Dnyaneshwari,"Chapter 18, Verse 1136",07:58 - 08:02
Dnyaneshwari-33_Transcript.md,Dnyaneshwari,"Chapter 18, Verse 1137",08:14 - 08:22
Dnyaneshwari-33_Transcript.md,Dnyaneshwari,"Chapter 18, Verse 1138",09:35 - 09:51
Dnyaneshwari-33_Transcript.md,Dnyaneshwari,"Chapter 18, Verse 1138",10:09 - 10:16
Dnyaneshwari-33_Transcript.md,Dnyaneshwari,"Chapter 18, Verse 1138",11:45 - 11:48
Dnyaneshwari-33_Transcript.md,Dnyaneshwari,"Chapter 18, Verse 1139",13:16 - 13:24
Dnyaneshwari-33_Transcript.md,Dnyaneshwari,"Chapter 18, Verse 1139",14:12 - 14:13
Dnyaneshwari-33_Transcript.md,Dnyaneshwari,"Chapter 18, Verse 1139",14:18 - 14:22
Dnyaneshwari-33_Transcript.md,Dnyaneshwari,"Chapter 18, Verse 1139",14:24 - 14:26
Dnyaneshwari-33_Transcript.md,Dnyaneshwari,"Chapter 18, Verse 1139",15:25 - 15:27
Dnyaneshwari-33_Transcript.md,Dnyaneshwari,"Chapter 18, Verse 1139",16:08 - 16:09
Dnyaneshwari-33_Transcript.md,Dnyaneshwari,"Chapter 18, Verse 1140",16:53 - 16:57
Dnyaneshwari-33_Transcript.md,Dnyaneshwari,"Chapter 18, Verse 1761",17:02 - 17:08
Dnyaneshwari-33_Transcript.md,Dnyaneshwari,"Chapter 18, Verse 1761",17:08 - 17:13
Dnyaneshwari-33_Transcript.md,Dnyaneshwari,"Chapter 18, Verse 1140",17:22 - 17:26
Dnyaneshwari-33_Transcript.md,Dnyaneshwari,"Chapter 4, Verse 37",17:53 - 17:58
Dnyaneshwari-33_Transcript.md,Dnyaneshwari,"Chapter 18, Verse 1393",19:38 - 19:50
Dnyaneshwari-33_Transcript.md,Dnyaneshwari,"Chapter 18, Verse 1393",19:50 - 20:08
Dnyaneshwari-33_Transcript.md,Dnyaneshwari,"Chapter 18, Verse 1393",21:20 - 21:28
Dnyaneshwari-33_Transcript.md,Dnyaneshwari,"Chapter 15, Verse 7",23:49 - 23:54
Dnyaneshwari-33_Transcript.md,Dnyaneshwari,"Chapter 15, Verse 8",23:57 - 24:02
Dnyaneshwari-33_Transcript.md,Dnyaneshwari,"Chapter 18, Verse 1140",24:27 - 24:37
Dnyaneshwari-33_Transcript.md,Dnyaneshwari,"Chapter 18, Verse 1141",29:00 - 29:06
Dnyaneshwari-33_Transcript.md,Dnyaneshwari,"Chapter 18, Verse 1132",29:06 - 29:14
Dnyaneshwari-33_Transcript.md,Dnyaneshwari,"Chapter 18, Verse 1141",29:55 - 30:03
Dnyaneshwari-33_Transcript.md,Dnyaneshwari,"Chapter 18, Verse 1141",30:03 - 30:07
Dnyaneshwari-33_Transcript.md,Dnyaneshwari,"Chapter 18, Verse 1141",30:07 - 30:11
Dnyaneshwari-33_Transcript.md,Dnyaneshwari,"Chapter 18, Verse 1142",30:32 - 30:40
Dnyaneshwari-33_Transcript.md,Dnyaneshwari,"Chapter 18, Verse 1142",30:44 - 30:45
Dnyaneshwari-33_Transcript.md,Dnyaneshwari,"Chapter 18, Verse 1132",30:51 - 31:00
Dnyaneshwari-33_Transcript.md,Dnyaneshwari,"Chapter 4, Verse 166",35:52 - 36:20
Dnyaneshwari-33_Transcript.md,Dnyaneshwari,"Chapter 4, Verse 167",36:04 - 36:20
Dnyaneshwari-33_Transcript.md,Dnyaneshwari,"Chapter 4, Verse 168",36:04 - 36:20
Dnyaneshwari-33_Transcript.md,Dnyaneshwari,"Chapter 4, Verse 168",36:45 - 36:54
Dnyaneshwari-33_Transcript.md,Dnyaneshwari,"Chapter 18, Verse 1142",39:21 - 39:26
Dnyaneshwari-33_Transcript.md,Dnyaneshwari,"Chapter 18, Verse 1142",39:34 - 39:38
Dnyaneshwari-34_Transcript.md,Dnyaneshwari,"Chapter 18, Verse 1136",00:00 - 00:08
Dnyaneshwari-34_Transcript.md,Dnyaneshwari,"Chapter 18, Verse 1137",00:08 - 00:22
Dnyaneshwari-34_Transcript.md,Dnyaneshwari,"Chapter 18, Verse 1138",00:15 - 00:22
Dnyaneshwari-34_Transcript.md,Dnyaneshwari,"Chapter 18, Verse 1138",00:15 - 00:22
Dnyaneshwari-34_Transcript.md,Dnyaneshwari,"Chapter 18, Verse 1139",00:22 - 00:32
Dnyaneshwari-34_Transcript.md,Dnyaneshwari,"Chapter 18, Verse 1140",00:32 - 00:39
Dnyaneshwari-34_Transcript.md,Dnyaneshwari,"Chapter 18, Verse 1141",00:39 - 00:45
Dnyaneshwari-34_Transcript.md,Dnyaneshwari,"Chapter 18, Verse 1142",00:45 - 00:51
Dnyaneshwari-34_Transcript.md,Dnyaneshwari,"Chapter 18, Verse 1143",00:51 - 00:58
Dnyaneshwari-34_Transcript.md,Dnyaneshwari,"Chapter 18, Verse 1144",00:51 - 01:05
Dnyaneshwari-34_Transcript.md,Dnyaneshwari,"Chapter 9, Verse 196",01:32 - 01:38
Dnyaneshwari-34_Transcript.md,Dnyaneshwari,"Chapter 9, Verse 196",01:43 - 01:48
Dnyaneshwari-34_Transcript.md,Dnyaneshwari,"Chapter 9, Verse 197",01:49 - 02:01
Dnyaneshwari-34_Transcript.md,Dnyaneshwari,"Chapter 9, Verse 198",01:49 - 02:01
Dnyaneshwari-34_Transcript.md,Dnyaneshwari,"Chapter 9, Verse 196",02:04 - 02:06
Dnyaneshwari-34_Transcript.md,Dnyaneshwari,"Chapter 9, Verse 196",02:37 - 02:50
Dnyaneshwari-34_Transcript.md,Dnyaneshwari,"Chapter 9, Verse 197",02:37 - 02:50
Dnyaneshwari-34_Transcript.md,Dnyaneshwari,"Chapter 9, Verse 196",03:09 - 03:19
Dnyaneshwari-34_Transcript.md,Dnyaneshwari,"Chapter 18, Verse 1400",04:04 - 04:21
Dnyaneshwari-34_Transcript.md,Dnyaneshwari,"Chapter 18, Verse 1138",07:48 - 07:56
Dnyaneshwari-34_Transcript.md,Dnyaneshwari,"Chapter 18, Verse 1138",07:48 - 07:56
Dnyaneshwari-34_Transcript.md,Dnyaneshwari,"Chapter 18, Verse 1139",08:43 - 08:51
Dnyaneshwari-34_Transcript.md,Dnyaneshwari,"Chapter 18, Verse 1140",12:48 - 13:13
Dnyaneshwari-34_Transcript.md,Dnyaneshwari,"Chapter 18, Verse 1141",13:13 - 13:18
Dnyaneshwari-34_Transcript.md,Dnyaneshwari,"Chapter 18, Verse 1141",16:59 - 17:04
Dnyaneshwari-34_Transcript.md,Dnyaneshwari,"Chapter 18, Verse 1141",17:35 - 18:11
Dnyaneshwari-34_Transcript.md,Dnyaneshwari,"Chapter 18, Verse 1132",18:50 - 19:08
Dnyaneshwari-34_Transcript.md,Dnyaneshwari,"Chapter 2, Verse 157",21:52 - 22:01
Dnyaneshwari-34_Transcript.md,Dnyaneshwari,"Chapter 15, Verse 483",26:56 - 27:01
Dnyaneshwari-34_Transcript.md,Dnyaneshwari,"Chapter 9, Verse 199",41:37 - 41:42
Dnyaneshwari-34_Transcript.md,Dnyaneshwari,"Chapter 18, Verse 1140",41:42 - 41:46
Dnyaneshwari-34_Transcript.md,Dnyaneshwari,"Chapter 18, Verse 1142",42:03 - 42:09
Dnyaneshwari-34_Transcript.md,Dnyaneshwari,"Chapter 18, Verse 1143",42:09 - 42:11
Dnyaneshwari-34_Transcript.md,Dnyaneshwari,"Chapter 18, Verse 1143",42:17 - 42:22
Dnyaneshwari-34_Transcript.md,Dnyaneshwari,"Chapter 18, Verse 1143",42:37 - 42:40
Dnyaneshwari-34_Transcript.md,Dnyaneshwari,"Chapter 18, Verse 1143",42:55 - 43:04
Dnyaneshwari-34_Transcript.md,Dnyaneshwari,"Chapter 10, Verse 320",43:14 - 43:22
Dnyaneshwari-34_Transcript.md,Dnyaneshwari,"Chapter 18, Verse 1143",43:14 - 43:30
Dnyaneshwari-34_Transcript.md,Dnyaneshwari,"Chapter 14, Verse 382",44:27 - 44:28
Dnyaneshwari-34_Transcript.md,Dnyaneshwari,"Chapter 18, Verse 1143",46:27 - 46:39
Dnyaneshwari-34_Transcript.md,Dnyaneshwari,"Chapter 18, Verse 1144",46:27 - 46:47
Dnyaneshwari-34_Transcript.md,Dnyaneshwari,"Chapter 18, Verse 1144",47:00 - 47:09
Dnyaneshwari-34_Transcript.md,Dnyaneshwari,"Chapter 3, Verse 147",47:09 - 47:22
Dnyaneshwari-34_Transcript.md,Dnyaneshwari,"Chapter 18, Verse 1132",47:09 - 47:22
Dnyaneshwari-34_Transcript.md,Dnyaneshwari,"Chapter 18, Verse 1143",47:22 - 47:32
Dnyaneshwari-34_Transcript.md,Dnyaneshwari,"Chapter 18, Verse 1144",49:30 - 49:41
Dnyaneshwari-34_Transcript.md,Dnyaneshwari,"Chapter 15, Verse 5",51:11 - 51:29
Dnyaneshwari-34_Transcript.md,Dnyaneshwari,"Chapter 18, Verse 1144",53:05 - 53:10
Dnyaneshwari-35_Transcript.md,Dnyaneshwari,"Chapter 18, Verse 1141",00:00 - 00:06
Dnyaneshwari-35_Transcript.md,Dnyaneshwari,"Chapter 18, Verse 1142",00:06 - 00:13
Dnyaneshwari-35_Transcript.md,Dnyaneshwari,"Chapter 18, Verse 1143",00:13 - 00:20
Dnyaneshwari-35_Transcript.md,Dnyaneshwari,"Chapter 18, Verse 1144",00:13 - 00:27
Dnyaneshwari-35_Transcript.md,Dnyaneshwari,"Chapter 18, Verse 1145",00:20 - 00:34
Dnyaneshwari-35_Transcript.md,Dnyaneshwari,"Chapter 18, Verse 1146",00:34 - 00:41
Dnyaneshwari-35_Transcript.md,Dnyaneshwari,"Chapter 18, Verse 1147",00:41 - 00:49
Dnyaneshwari-35_Transcript.md,Dnyaneshwari,"Chapter 18, Verse 1148",00:49 - 00:56
Dnyaneshwari-35_Transcript.md,Dnyaneshwari,"Chapter 18, Verse 1149",00:56 - 01:00
Dnyaneshwari-35_Transcript.md,Dnyaneshwari,"Chapter 18, Verse 1144",02:40 - 02:54
Dnyaneshwari-35_Transcript.md,Dnyaneshwari,"Chapter 15, Verse 331",02:54 - 02:58
Dnyaneshwari-35_Transcript.md,Dnyaneshwari,"Chapter 18, Verse 1145",05:18 - 05:26
Dnyaneshwari-35_Transcript.md,Dnyaneshwari,"Chapter 18, Verse 1145",06:33 - 06:38
Dnyaneshwari-35_Transcript.md,Dnyaneshwari,"Chapter 18, Verse 1145",07:55 - 08:02
Dnyaneshwari-35_Transcript.md,Dnyaneshwari,"Chapter 18, Verse 1146",08:06 - 08:27
Dnyaneshwari-35_Transcript.md,Dnyaneshwari,"Chapter 18, Verse 999",11:05 - 11:09
Dnyaneshwari-35_Transcript.md,Dnyaneshwari,"Chapter 18, Verse 1146",11:21 - 11:45
Dnyaneshwari-35_Transcript.md,Dnyaneshwari,"Chapter 18, Verse 1147",11:21 - 11:45
Dnyaneshwari-35_Transcript.md,Dnyaneshwari,"Chapter 18, Verse 1147",13:29 - 13:37
Dnyaneshwari-35_Transcript.md,Dnyaneshwari,"Chapter 18, Verse 1147",14:17 - 14:27
Dnyaneshwari-35_Transcript.md,Dnyaneshwari,"Chapter 18, Verse 1147",14:30 - 14:37
Dnyaneshwari-35_Transcript.md,Dnyaneshwari,"Chapter 18, Verse 1147",14:42 - 14:46
Dnyaneshwari-35_Transcript.md,Dnyaneshwari,"Chapter 18, Verse 423",15:24 - 15:29
Dnyaneshwari-35_Transcript.md,Dnyaneshwari,"Chapter 18, Verse 1147",16:26 - 16:31
Dnyaneshwari-35_Transcript.md,Dnyaneshwari,"Chapter 18, Verse 1640",16:42 - 16:50
Dnyaneshwari-35_Transcript.md,Dnyaneshwari,"Chapter 18, Verse 1640",16:50 - 16:58
Dnyaneshwari-35_Transcript.md,Dnyaneshwari,"Chapter 18, Verse 1640",16:58 - 17:04
Dnyaneshwari-35_Transcript.md,Dnyaneshwari,"Chapter 18, Verse 1640",17:11 - 17:21
Dnyaneshwari-35_Transcript.md,Dnyaneshwari,"Chapter 18, Verse 1640",17:32 - 17:45
Dnyaneshwari-35_Transcript.md,Dnyaneshwari,"Chapter 18, Verse 1147",17:56 - 18:03
Dnyaneshwari-35_Transcript.md,Dnyaneshwari,"Chapter 18, Verse 1147",19:53 - 20:09
Dnyaneshwari-35_Transcript.md,Dnyaneshwari,"Chapter 18, Verse 815",24:17 - 24:28
Dnyaneshwari-35_Transcript.md,Dnyaneshwari,"Chapter 18, Verse 1147",24:54 - 25:02
Dnyaneshwari-35_Transcript.md,Dnyaneshwari,"Chapter 11, Verse 170",26:32 - 26:42
Dnyaneshwari-35_Transcript.md,Dnyaneshwari,"Chapter 11, Verse 172",26:51 - 26:56
Dnyaneshwari-35_Transcript.md,Dnyaneshwari,"Chapter 6, Verse 343",26:51 - 26:56
Dnyaneshwari-35_Transcript.md,Dnyaneshwari,"Chapter 11, Verse 170",27:20 - 27:24
Dnyaneshwari-35_Transcript.md,Dnyaneshwari,"Chapter 11, Verse 170",27:24 - 27:27
Dnyaneshwari-35_Transcript.md,Dnyaneshwari,"Chapter 11, Verse 170",27:39 - 27:48
Dnyaneshwari-35_Transcript.md,Dnyaneshwari,"Chapter 18, Verse 1148",30:03 - 30:14
Dnyaneshwari-35_Transcript.md,Dnyaneshwari,"Chapter 18, Verse 1148",30:31 - 30:38
Dnyaneshwari-35_Transcript.md,Dnyaneshwari,"Chapter 18, Verse 1148",30:38 - 30:46
Dnyaneshwari-35_Transcript.md,Dnyaneshwari,"Chapter 18, Verse 1148",31:11 - 31:17
Dnyaneshwari-35_Transcript.md,Dnyaneshwari,"Chapter 18, Verse 1148",31:11 - 31:17
Dnyaneshwari-35_Transcript.md,Dnyaneshwari,"Chapter 11, Verse 456",32:30 - 32:43
Dnyaneshwari-35_Transcript.md,Dnyaneshwari,"Chapter 18, Verse 1148",32:43 - 32:46
Dnyaneshwari-35_Transcript.md,Dnyaneshwari,"Chapter 17, Verse 14",32:52 - 32:59
Dnyaneshwari-35_Transcript.md,Dnyaneshwari,"Chapter 17, Verse 14",34:18 - 34:26
Dnyaneshwari-35_Transcript.md,Dnyaneshwari,"Chapter 9, Verse 7",37:05 - 37:10
Dnyaneshwari-35_Transcript.md,Dnyaneshwari,"Chapter 13, Verse 1160",37:05 - 37:10
Dnyaneshwari-35_Transcript.md,Dnyaneshwari,"Chapter 9, Verse 19",38:25 - 38:38
Dnyaneshwari-35_Transcript.md,Dnyaneshwari,"Chapter 18, Verse 1148",40:05 - 40:11
Dnyaneshwari-35_Transcript.md,Dnyaneshwari,"Chapter 9, Verse 298",40:49 - 40:55
Dnyaneshwari-36_Transcript.md,Dnyaneshwari,"Chapter 18, Verse 1146",00:00 - 00:02
Dnyaneshwari-36_Transcript.md,Dnyaneshwari,"Chapter 18, Verse 1147",00:07 - 00:22
Dnyaneshwari-36_Transcript.md,Dnyaneshwari,"Chapter 18, Verse 1148",00:15 - 00:22
Dnyaneshwari-36_Transcript.md,Dnyaneshwari,"Chapter 18, Verse 1149",00:22 - 00:30
Dnyaneshwari-36_Transcript.md,Dnyaneshwari,"Chapter 18, Verse 1150",00:30 - 00:37
Dnyaneshwari-36_Transcript.md,Dnyaneshwari,"Chapter 18, Verse 1151",00:37 - 00:46
Dnyaneshwari-36_Transcript.md,Dnyaneshwari,"Chapter 18, Verse 1152",00:46 - 00:53
Dnyaneshwari-36_Transcript.md,Dnyaneshwari,"Chapter 18, Verse 1153",00:53 - 00:59
Dnyaneshwari-36_Transcript.md,Dnyaneshwari,"Chapter 18, Verse 1154",00:59 - 01:09
Dnyaneshwari-36_Transcript.md,Dnyaneshwari,"Chapter 18, Verse 1146",01:11 - 01:20
Dnyaneshwari-36_Transcript.md,Dnyaneshwari,"Chapter 18, Verse 1146",01:20 - 01:28
Dnyaneshwari-36_Transcript.md,Dnyaneshwari,"Chapter 15, Verse 575",02:33 - 02:36
Dnyaneshwari-36_Transcript.md,Dnyaneshwari,"Chapter 15, Verse 452",03:29 - 03:36
Dnyaneshwari-36_Transcript.md,Dnyaneshwari,"Chapter 15, Verse 452",03:38 - 03:44
Dnyaneshwari-36_Transcript.md,Dnyaneshwari,"Chapter 18, Verse 1148",03:44 - 03:49
Dnyaneshwari-36_Transcript.md,Dnyaneshwari,"Chapter 18, Verse 1148",03:44 - 03:49
Dnyaneshwari-36_Transcript.md,Dnyaneshwari,"Chapter 18, Verse 1146",05:07 - 05:19
Dnyaneshwari-36_Transcript.md,Dnyaneshwari,"Chapter 18, Verse 1149",05:19 - 05:28
Dnyaneshwari-36_Transcript.md,Dnyaneshwari,"Chapter 18, Verse 1150",06:05 - 06:11
Dnyaneshwari-36_Transcript.md,Dnyaneshwari,"Chapter 18, Verse 1150",06:58 - 07:01
Dnyaneshwari-36_Transcript.md,Dnyaneshwari,"Chapter 13, Verse 904",06:58 - 07:01
Dnyaneshwari-36_Transcript.md,Dnyaneshwari,"Chapter 18, Verse 1150",07:21 - 07:24
Dnyaneshwari-36_Transcript.md,Dnyaneshwari,"Chapter 18, Verse 1150",07:24 - 07:30
Dnyaneshwari-36_Transcript.md,Dnyaneshwari,"Chapter 13, Verse 904",09:19 - 09:22
Dnyaneshwari-36_Transcript.md,Dnyaneshwari,"Chapter 15, Verse 575",12:01 - 12:06
Dnyaneshwari-36_Transcript.md,Dnyaneshwari,"Chapter 16, Verse 459",12:01 - 12:06
Dnyaneshwari-36_Transcript.md,Dnyaneshwari,"Chapter 18, Verse 1150",12:24 - 12:26
Dnyaneshwari-36_Transcript.md,Dnyaneshwari,"Chapter 18, Verse 1151",13:14 - 13:24
Dnyaneshwari-36_Transcript.md,Dnyaneshwari,"Chapter 15, Verse 375",14:11 - 14:15
Dnyaneshwari-36_Transcript.md,Dnyaneshwari,"Chapter 18, Verse 1150",15:14 - 15:17
Dnyaneshwari-36_Transcript.md,Dnyaneshwari,"Chapter 18, Verse 1151",15:26 - 15:34
Dnyaneshwari-36_Transcript.md,Dnyaneshwari,"Chapter 18, Verse 1152",16:10 - 16:18
Dnyaneshwari-36_Transcript.md,Dnyaneshwari,"Chapter 15, Verse 541",16:35 - 16:38
Dnyaneshwari-36_Transcript.md,Dnyaneshwari,"Chapter 15, Verse 541",16:39 - 16:42
Dnyaneshwari-36_Transcript.md,Dnyaneshwari,"Chapter 15, Verse 541",16:47 - 16:51
Dnyaneshwari-36_Transcript.md,Dnyaneshwari,"Chapter 15, Verse 541",17:05 - 17:09
Dnyaneshwari-36_Transcript.md,Dnyaneshwari,"Chapter 15, Verse 541",17:12 - 17:16
Dnyaneshwari-36_Transcript.md,Dnyaneshwari,"Chapter 15, Verse 541",17:38 - 17:42
Dnyaneshwari-36_Transcript.md,Dnyaneshwari,"Chapter 15, Verse 541",18:10 - 18:15
Dnyaneshwari-36_Transcript.md,Dnyaneshwari,"Chapter 15, Verse 543",20:24 - 20:34
Dnyaneshwari-36_Transcript.md,Dnyaneshwari,"Chapter 18, Verse 1152",20:44 - 20:52
Dnyaneshwari-36_Transcript.md,Dnyaneshwari,"Chapter 18, Verse 1132",22:09 - 22:12
Dnyaneshwari-36_Transcript.md,Dnyaneshwari,"Chapter 18, Verse 1152",24:22 - 24:27
Dnyaneshwari-36_Transcript.md,Dnyaneshwari,"Chapter 18, Verse 1153",24:27 - 24:37
Dnyaneshwari-36_Transcript.md,Dnyaneshwari,"Chapter 18, Verse 1154",26:50 - 26:59
Dnyaneshwari-36_Transcript.md,Dnyaneshwari,"Chapter 9, Verse 455",27:25 - 27:31
Dnyaneshwari-36_Transcript.md,Dnyaneshwari,"Chapter 1, Verse 68",30:48 - 30:52
Dnyaneshwari-36_Transcript.md,Dnyaneshwari,"Chapter 18, Verse 29",30:59 - 31:01
Dnyaneshwari-36_Transcript.md,Dnyaneshwari,"Chapter 6, Verse 492",30:59 - 31:01
Dnyaneshwari-36_Transcript.md,Dnyaneshwari,"Chapter 18, Verse 1155",35:39 - 35:55
Dnyaneshwari-36_Transcript.md,Dnyaneshwari,"Chapter 18, Verse 1155",36:05 - 36:16
Dnyaneshwari-36_Transcript.md,Dnyaneshwari,"Chapter 15, Verse 228",36:26 - 36:33
Dnyaneshwari-36_Transcript.md,Dnyaneshwari,"Chapter 18, Verse 1155",36:45 - 36:49
Dnyaneshwari-36_Transcript.md,Dnyaneshwari,"Chapter 18, Verse 1155",37:03 - 37:12
Dnyaneshwari-36_Transcript.md,Dnyaneshwari,"Chapter 18, Verse 1155",40:07 - 40:23
Dnyaneshwari-36_Transcript.md,Dnyaneshwari,"Chapter 18, Verse 1092",40:07 - 40:23
Dnyaneshwari-36_Transcript.md,Dnyaneshwari,"Chapter 18, Verse 1155",42:45 - 42:54
Dnyaneshwari-37_Transcript.md,Dnyaneshwari,"Chapter 18, Verse 1147",00:12 - 00:19
Dnyaneshwari-37_Transcript.md,Dnyaneshwari,"Chapter 18, Verse 1148",00:19 - 00:27
Dnyaneshwari-37_Transcript.md,Dnyaneshwari,"Chapter 18, Verse 1149",00:27 - 00:34
Dnyaneshwari-37_Transcript.md,Dnyaneshwari,"Chapter 18, Verse 1150",00:34 - 00:42
Dnyaneshwari-37_Transcript.md,Dnyaneshwari,"Chapter 18, Verse 1151",00:42 - 00:49
Dnyaneshwari-37_Transcript.md,Dnyaneshwari,"Chapter 18, Verse 1152",00:49 - 00:56
Dnyaneshwari-37_Transcript.md,Dnyaneshwari,"Chapter 18, Verse 1153",00:56 - 01:03
Dnyaneshwari-37_Transcript.md,Dnyaneshwari,"Chapter 18, Verse 1155",01:11 - 01:17
Dnyaneshwari-37_Transcript.md,Dnyaneshwari,"Chapter 18, Verse 1156",01:17 - 01:25
Dnyaneshwari-37_Transcript.md,Dnyaneshwari,"Chapter 18, Verse 1157",01:25 - 01:33
Dnyaneshwari-37_Transcript.md,Dnyaneshwari,"Chapter 6, Verse 36",01:33 - 01:48
Dnyaneshwari-37_Transcript.md,Dnyaneshwari,"Chapter 6, Verse 36",01:54 - 01:59
Dnyaneshwari-37_Transcript.md,Dnyaneshwari,"Chapter 10, Verse 34",02:15 - 02:19
Dnyaneshwari-37_Transcript.md,Dnyaneshwari,"Chapter 10, Verse 34",02:39 - 02:45
Dnyaneshwari-37_Transcript.md,Dnyaneshwari,"Chapter 10, Verse 34",02:54 - 02:57
Dnyaneshwari-37_Transcript.md,Dnyaneshwari,"Chapter 10, Verse 34",03:08 - 03:11
Dnyaneshwari-37_Transcript.md,Dnyaneshwari,"Chapter 18, Verse 458",04:06 - 04:18
Dnyaneshwari-37_Transcript.md,Dnyaneshwari,"Chapter 18, Verse 463",04:06 - 04:18
Dnyaneshwari-37_Transcript.md,Dnyaneshwari,"Chapter 13, Verse 933",04:18 - 04:27
Dnyaneshwari-37_Transcript.md,Dnyaneshwari,"Chapter 18, Verse 458",04:21 - 04:27
Dnyaneshwari-37_Transcript.md,Dnyaneshwari,"Chapter 18, Verse 466",04:21 - 04:27
Dnyaneshwari-37_Transcript.md,Dnyaneshwari,"Chapter 13, Verse 933",04:30 - 04:35
Dnyaneshwari-37_Transcript.md,Dnyaneshwari,"Chapter 18, Verse 458",04:30 - 04:35
Dnyaneshwari-37_Transcript.md,Dnyaneshwari,"Chapter 18, Verse 509",04:43 - 04:50
Dnyaneshwari-37_Transcript.md,Dnyaneshwari,"Chapter 18, Verse 482",04:43 - 04:50
Dnyaneshwari-37_Transcript.md,Dnyaneshwari,"Chapter 4, Verse 214",04:50 - 04:54
Dnyaneshwari-37_Transcript.md,Dnyaneshwari,"Chapter 4, Verse 214",04:59 - 05:01
Dnyaneshwari-37_Transcript.md,Dnyaneshwari,"Chapter 18, Verse 458",05:17 - 05:23
Dnyaneshwari-37_Transcript.md,Dnyaneshwari,"Chapter 18, Verse 482",05:17 - 05:23
Dnyaneshwari-37_Transcript.md,Dnyaneshwari,"Chapter 6, Verse 36",05:43 - 05:45
Dnyaneshwari-37_Transcript.md,Dnyaneshwari,"Chapter 3, Verse 215",08:02 - 08:05
Dnyaneshwari-37_Transcript.md,Dnyaneshwari,"Chapter 18, Verse 1155",08:18 - 08:23
Dnyaneshwari-37_Transcript.md,Dnyaneshwari,"Chapter 18, Verse 1156",08:33 - 08:39
Dnyaneshwari-37_Transcript.md,Dnyaneshwari,"Chapter 18, Verse 1156",08:39 - 08:52
Dnyaneshwari-37_Transcript.md,Dnyaneshwari,"Chapter 18, Verse 1157",09:21 - 09:25
Dnyaneshwari-37_Transcript.md,Dnyaneshwari,"Chapter 18, Verse 1157",12:49 - 12:55
Dnyaneshwari-37_Transcript.md,Dnyaneshwari,"Chapter 2, Verse 360",16:24 - 16:32
Dnyaneshwari-37_Transcript.md,Dnyaneshwari,"Chapter 18, Verse 1157",16:37 - 16:48
Dnyaneshwari-37_Transcript.md,Dnyaneshwari,"Chapter 14, Verse 208",17:04 - 17:10
Dnyaneshwari-37_Transcript.md,Dnyaneshwari,"Chapter 10, Verse 118",18:10 - 18:17
Dnyaneshwari-37_Transcript.md,Dnyaneshwari,"Chapter 18, Verse 1157",21:21 - 21:28
Dnyaneshwari-37_Transcript.md,Dnyaneshwari,"Chapter 18, Verse 1158",25:04 - 25:08
Dnyaneshwari-37_Transcript.md,Dnyaneshwari,"Chapter 8, Verse 182",25:04 - 25:08
Dnyaneshwari-37_Transcript.md,Dnyaneshwari,"Chapter 18, Verse 1158",25:08 - 25:16
Dnyaneshwari-37_Transcript.md,Dnyaneshwari,"Chapter 18, Verse 1158",25:24 - 25:27
Dnyaneshwari-37_Transcript.md,Dnyaneshwari,"Chapter 18, Verse 1158",25:29 - 25:37
Dnyaneshwari-37_Transcript.md,Dnyaneshwari,"Chapter 18, Verse 149",25:29 - 25:37
Dnyaneshwari-37_Transcript.md,Dnyaneshwari,"Chapter 11, Verse 230",25:53 - 26:01
Dnyaneshwari-37_Transcript.md,Dnyaneshwari,"Chapter 11, Verse 230",25:53 - 26:01
Dnyaneshwari-37_Transcript.md,Dnyaneshwari,"Chapter 11, Verse 112",27:08 - 27:17
Dnyaneshwari-37_Transcript.md,Dnyaneshwari,"Chapter 6, Verse 325",27:30 - 27:35
Dnyaneshwari-37_Transcript.md,Dnyaneshwari,"Chapter 1, Verse 62",27:41 - 27:52
Dnyaneshwari-37_Transcript.md,Dnyaneshwari,"Chapter 18, Verse 1741",28:17 - 28:36
Dnyaneshwari-37_Transcript.md,Dnyaneshwari,"Chapter 18, Verse 1158",28:50 - 28:54
Dnyaneshwari-37_Transcript.md,Dnyaneshwari,"Chapter 18, Verse 1158",29:14 - 29:18
Dnyaneshwari-37_Transcript.md,Dnyaneshwari,"Chapter 11, Verse 229",29:28 - 29:31
Dnyaneshwari-37_Transcript.md,Dnyaneshwari,"Chapter 11, Verse 230",29:43 - 29:51
Dnyaneshwari-37_Transcript.md,Dnyaneshwari,"Chapter 11, Verse 230",29:43 - 29:51
Dnyaneshwari-37_Transcript.md,Dnyaneshwari,"Chapter 18, Verse 1158",30:47 - 30:55
Dnyaneshwari-37_Transcript.md,Dnyaneshwari,"Chapter 18, Verse 1158",31:25 - 31:31
Dnyaneshwari-37_Transcript.md,Dnyaneshwari,"Chapter 18, Verse 1159",31:42 - 31:50
Dnyaneshwari-37_Transcript.md,Dnyaneshwari,"Chapter 18, Verse 1159",31:52 - 32:12
Dnyaneshwari-37_Transcript.md,Dnyaneshwari,"Chapter 18, Verse 1159",35:57 - 36:13
Dnyaneshwari-37_Transcript.md,Dnyaneshwari,"Chapter 18, Verse 1160",36:13 - 36:27
Dnyaneshwari-37_Transcript.md,Dnyaneshwari,"Chapter 18, Verse 1160",36:27 - 36:44
Dnyaneshwari-37_Transcript.md,Dnyaneshwari,"Chapter 18, Verse 1160",38:40 - 38:43
Dnyaneshwari-37_Transcript.md,Dnyaneshwari,"Chapter 18, Verse 1160",39:58 - 40:04
Dnyaneshwari-37_Transcript.md,Dnyaneshwari,"Chapter 8, Verse 181",41:49 - 41:58
Dnyaneshwari-37_Transcript.md,Dnyaneshwari,"Chapter 8, Verse 181",44:00 - 44:07
Dnyaneshwari-37_Transcript.md,Dnyaneshwari,"Chapter 8, Verse 181",45:59 - 46:07
Dnyaneshwari-37_Transcript.md,Dnyaneshwari,"Chapter 8, Verse 181",47:59 - 48:07
Dnyaneshwari-37_Transcript.md,Dnyaneshwari,"Chapter 8, Verse 181",49:59 - 50:07
Dnyaneshwari-37_Transcript.md,Dnyaneshwari,"Chapter 8, Verse 181",51:59 - 52:07
Dnyaneshwari-37_Transcript.md,Dnyaneshwari,"Chapter 8, Verse 181",53:59 - 54:07
Dnyaneshwari-37_Transcript.md,Dnyaneshwari,"Chapter 8, Verse 181",55:59 - 56:07
Dnyaneshwari-37_Transcript.md,Dnyaneshwari,"Chapter 8, Verse 181",57:59 - 58:07
Dnyaneshwari-37_Transcript.md,Dnyaneshwari,"Chapter 8, Verse 181",59:59 - 1:00:07
Dnyaneshwari-37_Transcript.md,Dnyaneshwari,"Chapter 8, Verse 181",1:01:59 - 1:02:07
Dnyaneshwari-37_Transcript.md,Dnyaneshwari,"Chapter 8, Verse 181",2:03:23 - 28:07
Dnyaneshwari-38_Transcript.md,Dnyaneshwari,"Chapter 18, Verse 1158",00:00 - 00:14
Dnyaneshwari-38_Transcript.md,Dnyaneshwari,"Chapter 18, Verse 1159",00:00 - 00:14
Dnyaneshwari-38_Transcript.md,Dnyaneshwari,"Chapter 18, Verse 1160",00:14 - 00:21
Dnyaneshwari-38_Transcript.md,Dnyaneshwari,"Chapter 18, Verse 1161",00:21 - 00:28
Dnyaneshwari-38_Transcript.md,Dnyaneshwari,"Chapter 18, Verse 1163",00:38 - 00:46
Dnyaneshwari-38_Transcript.md,Dnyaneshwari,"Chapter 18, Verse 1164",00:46 - 00:56
Dnyaneshwari-38_Transcript.md,Dnyaneshwari,"Chapter 18, Verse 1158",00:56 - 01:05
Dnyaneshwari-38_Transcript.md,Dnyaneshwari,"Chapter 18, Verse 1158",03:34 - 03:40
Dnyaneshwari-38_Transcript.md,Dnyaneshwari,"Chapter 2, Verse 147",09:42 - 09:46
Dnyaneshwari-38_Transcript.md,Dnyaneshwari,"Chapter 18, Verse 1158",10:52 - 11:11
Dnyaneshwari-38_Transcript.md,Dnyaneshwari,"Chapter 18, Verse 1159",11:18 - 11:28
Dnyaneshwari-38_Transcript.md,Dnyaneshwari,"Chapter 18, Verse 1160",14:34 - 14:49
Dnyaneshwari-38_Transcript.md,Dnyaneshwari,"Chapter 18, Verse 1160",15:11 - 15:18
Dnyaneshwari-38_Transcript.md,Dnyaneshwari,"Chapter 5, Verse 30",15:49 - 15:54
Dnyaneshwari-38_Transcript.md,Dnyaneshwari,"Chapter 18, Verse 1160",20:29 - 20:44
Dnyaneshwari-38_Transcript.md,Dnyaneshwari,"Chapter 18, Verse 1160",21:36 - 21:38
Dnyaneshwari-38_Transcript.md,Dnyaneshwari,"Chapter 18, Verse 1160",21:38 - 21:52
Dnyaneshwari-38_Transcript.md,Dnyaneshwari,"Chapter 18, Verse 1557",24:39 - 24:45
Dnyaneshwari-38_Transcript.md,Dnyaneshwari,"Chapter 4, Verse 56",25:42 - 25:52
Dnyaneshwari-38_Transcript.md,Dnyaneshwari,"Chapter 18, Verse 1160",26:58 - 27:08
Dnyaneshwari-38_Transcript.md,Dnyaneshwari,"Chapter 18, Verse 1161",27:08 - 27:17
Dnyaneshwari-38_Transcript.md,Dnyaneshwari,"Chapter 18, Verse 1161",28:34 - 28:49
Dnyaneshwari-38_Transcript.md,Dnyaneshwari,"Chapter 3, Verse 215",29:12 - 29:28
Dnyaneshwari-39_Transcript.md,Dnyaneshwari,"Chapter 18, Verse 1108",00:24 - 00:30
Dnyaneshwari-39_Transcript.md,Dnyaneshwari,"Chapter 18, Verse 1142",00:56 - 00:58
Dnyaneshwari-39_Transcript.md,Dnyaneshwari,"Chapter 12, Verse 212",01:43 - 01:48
Dnyaneshwari-39_Transcript.md,Dnyaneshwari,"Chapter 17, Verse 327",02:46 - 02:48
Dnyaneshwari-39_Transcript.md,Dnyaneshwari,"Chapter 15, Verse 138",04:04 - 04:09
Dnyaneshwari-39_Transcript.md,Dnyaneshwari,"Chapter 18, Verse 1547",04:04 - 04:09
Dnyaneshwari-39_Transcript.md,Dnyaneshwari,"Chapter 18, Verse 1107",07:41 - 07:49
Dnyaneshwari-39_Transcript.md,Dnyaneshwari,"Chapter 18, Verse 1108",08:12 - 08:18
Dnyaneshwari-39_Transcript.md,Dnyaneshwari,"Chapter 13, Verse 453",08:31 - 08:37
Dnyaneshwari-39_Transcript.md,Dnyaneshwari,"Chapter 18, Verse 1108",09:38 - 09:44
Dnyaneshwari-39_Transcript.md,Dnyaneshwari,"Chapter 10, Verse 118",10:16 - 10:23
Dnyaneshwari-39_Transcript.md,Dnyaneshwari,"Chapter 10, Verse 118",10:23 - 10:35
Dnyaneshwari-39_Transcript.md,Dnyaneshwari,"Chapter 10, Verse 118",11:39 - 11:43
Dnyaneshwari-39_Transcript.md,Dnyaneshwari,"Chapter 10, Verse 334",12:02 - 12:09
Dnyaneshwari-39_Transcript.md,Dnyaneshwari,"Chapter 10, Verse 118",13:38 - 13:45
Dnyaneshwari-39_Transcript.md,Dnyaneshwari,"Chapter 11, Verse 230",14:36 - 14:44
Dnyaneshwari-39_Transcript.md,Dnyaneshwari,"Chapter 6, Verse 343",14:36 - 14:44
Dnyaneshwari-39_Transcript.md,Dnyaneshwari,"Chapter 11, Verse 229",14:44 - 14:51
Dnyaneshwari-39_Transcript.md,Dnyaneshwari,"Chapter 18, Verse 1108",15:48 - 15:52
Dnyaneshwari-39_Transcript.md,Dnyaneshwari,"Chapter 18, Verse 1109",15:52 - 16:03
Dnyaneshwari-39_Transcript.md,Dnyaneshwari,"Chapter 18, Verse 1110",15:52 - 16:10
Dnyaneshwari-39_Transcript.md,Dnyaneshwari,"Chapter 18, Verse 1109",16:19 - 16:28
Dnyaneshwari-39_Transcript.md,Dnyaneshwari,"Chapter 9, Verse 300",16:36 - 16:41
Dnyaneshwari-39_Transcript.md,Dnyaneshwari,"Chapter 18, Verse 539",17:08 - 17:13
Dnyaneshwari-39_Transcript.md,Dnyaneshwari,"Chapter 18, Verse 1109",18:27 - 18:34
Dnyaneshwari-39_Transcript.md,Dnyaneshwari,"Chapter 18, Verse 1109",18:45 - 18:55
Dnyaneshwari-39_Transcript.md,Dnyaneshwari,"Chapter 11, Verse 171",19:11 - 19:22
Dnyaneshwari-39_Transcript.md,Dnyaneshwari,"Chapter 18, Verse 1109",19:42 - 19:51
Dnyaneshwari-39_Transcript.md,Dnyaneshwari,"Chapter 18, Verse 1109",20:26 - 20:34
Dnyaneshwari-39_Transcript.md,Dnyaneshwari,"Chapter 10, Verse 334",21:13 - 21:17
Dnyaneshwari-39_Transcript.md,Dnyaneshwari,"Chapter 18, Verse 1109",23:49 - 24:04
Dnyaneshwari-39_Transcript.md,Dnyaneshwari,"Chapter 18, Verse 1109",25:28 - 25:33
Dnyaneshwari-39_Transcript.md,Dnyaneshwari,"Chapter 4, Verse 165",28:31 - 28:40
Dnyaneshwari-39_Transcript.md,Dnyaneshwari,"Chapter 4, Verse 166",28:40 - 28:46
Dnyaneshwari-39_Transcript.md,Dnyaneshwari,"Chapter 4, Verse 167",28:46 - 28:51
Dnyaneshwari-39_Transcript.md,Dnyaneshwari,"Chapter 4, Verse 168",28:51 - 28:57
Dnyaneshwari-39_Transcript.md,Dnyaneshwari,"Chapter 4, Verse 168",29:30 - 29:35
Dnyaneshwari-39_Transcript.md,Dnyaneshwari,"Chapter 4, Verse 168",29:30 - 29:35
Dnyaneshwari-39_Transcript.md,Dnyaneshwari,"Chapter 17, Verse 16",31:06 - 31:11
Dnyaneshwari-39_Transcript.md,Dnyaneshwari,"Chapter 4, Verse 168",32:57 - 33:03
Dnyaneshwari-39_Transcript.md,Dnyaneshwari,"Chapter 18, Verse 1112",34:40 - 34:48
Dnyaneshwari-39_Transcript.md,Dnyaneshwari,"Chapter 10, Verse 299",36:34 - 36:37
Dnyaneshwari-39_Transcript.md,Dnyaneshwari,"Chapter 18, Verse 1109",36:52 - 36:56
Dnyaneshwari-39_Transcript.md,Dnyaneshwari,"Chapter 18, Verse 1109",38:07 - 38:12
Dnyaneshwari-40_Transcript.md,Dnyaneshwari,"Chapter 15, Verse 281",00:08 - 00:11
Dnyaneshwari-40_Transcript.md,Dnyaneshwari,"Chapter 13, Verse 274",00:11 - 00:16
Dnyaneshwari-40_Transcript.md,Dnyaneshwari,"Chapter 15, Verse 281",02:00 - 02:08
Dnyaneshwari-40_Transcript.md,Dnyaneshwari,"Chapter 18, Verse 1109",02:08 - 02:13
Dnyaneshwari-40_Transcript.md,Dnyaneshwari,"Chapter 18, Verse 1109",03:24 - 03:28
Dnyaneshwari-40_Transcript.md,Dnyaneshwari,"Chapter 18, Verse 1348",04:53 - 04:56
Dnyaneshwari-40_Transcript.md,Dnyaneshwari,"Chapter 18, Verse 1348",04:56 - 05:00
Dnyaneshwari-40_Transcript.md,Dnyaneshwari,"Chapter 18, Verse 1109",05:03 - 05:10
Dnyaneshwari-40_Transcript.md,Dnyaneshwari,"Chapter 11, Verse 631",05:52 - 06:01
Dnyaneshwari-40_Transcript.md,Dnyaneshwari,"Chapter 11, Verse 609",06:59 - 07:06
Dnyaneshwari-40_Transcript.md,Dnyaneshwari,"Chapter 10, Verse 116",08:27 - 08:32
Dnyaneshwari-40_Transcript.md,Dnyaneshwari,"Chapter 13, Verse 815",11:07 - 11:12
Dnyaneshwari-40_Transcript.md,Dnyaneshwari,"Chapter 13, Verse 818",11:27 - 11:32
Dnyaneshwari-40_Transcript.md,Dnyaneshwari,"Chapter 18, Verse 1109",12:22 - 12:26
Dnyaneshwari-40_Transcript.md,Dnyaneshwari,"Chapter 9, Verse 95",12:42 - 12:44
Dnyaneshwari-40_Transcript.md,Dnyaneshwari,"Chapter 14, Verse 151",13:01 - 13:06
Dnyaneshwari-40_Transcript.md,Dnyaneshwari,"Chapter 14, Verse 151",14:12 - 14:15
Dnyaneshwari-40_Transcript.md,Dnyaneshwari,"Chapter 14, Verse 151",14:15 - 14:18
Dnyaneshwari-40_Transcript.md,Dnyaneshwari,"Chapter 18, Verse 1109",15:38 - 15:45
Dnyaneshwari-40_Transcript.md,Dnyaneshwari,"Chapter 18, Verse 1109",15:38 - 15:45
Dnyaneshwari-40_Transcript.md,Dnyaneshwari,"Chapter 18, Verse 1109",16:41 - 16:49
Dnyaneshwari-40_Transcript.md,Dnyaneshwari,"Chapter 18, Verse 1351",17:38 - 17:46
Dnyaneshwari-40_Transcript.md,Dnyaneshwari,"Chapter 18, Verse 1631",18:08 - 18:13
Dnyaneshwari-40_Transcript.md,Dnyaneshwari,"Chapter 15, Verse 525",18:08 - 18:13
Dnyaneshwari-40_Transcript.md,Dnyaneshwari,"Chapter 14, Verse 75",02:26 - 02:31
Dnyaneshwari-40_Transcript.md,Dnyaneshwari,"Chapter 11, Verse 444",02:54 - 03:02
Dnyaneshwari-40_Transcript.md,Dnyaneshwari,"Chapter 18, Verse 1109",05:00 - 05:11
Dnyaneshwari-40_Transcript.md,Dnyaneshwari,"Chapter 18, Verse 1110",05:11 - 05:19
Dnyaneshwari-40_Transcript.md,Dnyaneshwari,"Chapter 18, Verse 1110",05:51 - 05:58
Dnyaneshwari-40_Transcript.md,Dnyaneshwari,"Chapter 18, Verse 1110",06:14 - 06:23
Dnyaneshwari-40_Transcript.md,Dnyaneshwari,"Chapter 18, Verse 1110",07:26 - 07:34
Dnyaneshwari-40_Transcript.md,Dnyaneshwari,"Chapter 18, Verse 1110",08:30 - 08:36
Dnyaneshwari-40_Transcript.md,Dnyaneshwari,"Chapter 18, Verse 1110",08:42 - 08:46
Dnyaneshwari-40_Transcript.md,Dnyaneshwari,"Chapter 7, Verse 144",08:52 - 08:56
Dnyaneshwari-40_Transcript.md,Dnyaneshwari,"Chapter 7, Verse 144",08:56 - 08:59
Dnyaneshwari-40_Transcript.md,Dnyaneshwari,"Chapter 7, Verse 144",09:51 - 09:57
Dnyaneshwari-40_Transcript.md,Dnyaneshwari,"Chapter 11, Verse 83",10:02 - 10:14
Dnyaneshwari-40_Transcript.md,Dnyaneshwari,"Chapter 11, Verse 83",10:14 - 10:18
Dnyaneshwari-40_Transcript.md,Dnyaneshwari,"Chapter 11, Verse 180",10:51 - 10:57
Dnyaneshwari-40_Transcript.md,Dnyaneshwari,"Chapter 11, Verse 83",10:57 - 11:12
Dnyaneshwari-40_Transcript.md,Dnyaneshwari,"Chapter 11, Verse 83",11:30 - 11:33
Dnyaneshwari-40_Transcript.md,Dnyaneshwari,"Chapter 11, Verse 83",11:53 - 11:59
Dnyaneshwari-40_Transcript.md,Dnyaneshwari,"Chapter 9, Verse 344",11:59 - 12:03
Dnyaneshwari-40_Transcript.md,Dnyaneshwari,"Chapter 18, Verse 1110",12:07 - 12:15
Dnyaneshwari-41_Transcript.md,Dnyaneshwari,"Chapter 18, Verse 1110",00:00 - 00:31
Dnyaneshwari-41_Transcript.md,Dnyaneshwari,"Chapter 18, Verse 1112",00:00 - 00:31
Dnyaneshwari-41_Transcript.md,Dnyaneshwari,"Chapter 15, Verse 281",01:19 - 01:23
Dnyaneshwari-41_Transcript.md,Dnyaneshwari,"Chapter 18, Verse 1109",02:53 - 02:58
Dnyaneshwari-41_Transcript.md,Dnyaneshwari,"Chapter 18, Verse 1110",03:46 - 03:48
Dnyaneshwari-41_Transcript.md,Dnyaneshwari,"Chapter 18, Verse 1110",06:15 - 06:18
Dnyaneshwari-41_Transcript.md,Dnyaneshwari,"Chapter 10, Verse 116",06:37 - 06:42
Dnyaneshwari-41_Transcript.md,Dnyaneshwari,"Chapter 9, Verse 282",07:56 - 08:03
Dnyaneshwari-41_Transcript.md,Dnyaneshwari,"Chapter 18, Verse 1109",08:30 - 08:33
Dnyaneshwari-41_Transcript.md,Dnyaneshwari,"Chapter 12, Verse 245",09:00 - 09:05
Dnyaneshwari-41_Transcript.md,Dnyaneshwari,"Chapter 18, Verse 1110",11:47 - 11:52
Dnyaneshwari-41_Transcript.md,Dnyaneshwari,"Chapter 18, Verse 1110",15:38 - 15:50
Dnyaneshwari-41_Transcript.md,Dnyaneshwari,"Chapter 11, Verse 698",16:32 - 16:34
Dnyaneshwari-41_Transcript.md,Dnyaneshwari,"Chapter 18, Verse 1107",16:34 - 16:47
Dnyaneshwari-41_Transcript.md,Dnyaneshwari,"Chapter 18, Verse 1175",16:47 - 16:50
Dnyaneshwari-41_Transcript.md,Dnyaneshwari,"Chapter 18, Verse 1110",19:23 - 19:26
Dnyaneshwari-41_Transcript.md,Dnyaneshwari,"Chapter 15, Verse 281",20:03 - 20:06
Dnyaneshwari-41_Transcript.md,Dnyaneshwari,"Chapter 15, Verse 281",20:10 - 20:16
Dnyaneshwari-41_Transcript.md,Dnyaneshwari,"Chapter 18, Verse 1109",20:17 - 20:31
Dnyaneshwari-41_Transcript.md,Dnyaneshwari,"Chapter 18, Verse 1110",20:17 - 20:31
Dnyaneshwari-41_Transcript.md,Dnyaneshwari,"Chapter 18, Verse 1111",20:31 - 20:55
Dnyaneshwari-41_Transcript.md,Dnyaneshwari,"Chapter 18, Verse 1110",20:55 - 20:58
Dnyaneshwari-41_Transcript.md,Dnyaneshwari,"Chapter 9, Verse 120",21:31 - 21:35
Dnyaneshwari-41_Transcript.md,Dnyaneshwari,"Chapter 9, Verse 120",21:56 - 22:00
Dnyaneshwari-41_Transcript.md,Dnyaneshwari,"Chapter 18, Verse 1111",22:12 - 22:27
Dnyaneshwari-41_Transcript.md,Dnyaneshwari,"Chapter 15, Verse 597",22:40 - 22:43
Dnyaneshwari-41_Transcript.md,Dnyaneshwari,"Chapter 15, Verse 597",22:47 - 22:57
Dnyaneshwari-41_Transcript.md,Dnyaneshwari,"Chapter 18, Verse 1110",23:21 - 23:25
Dnyaneshwari-41_Transcript.md,Dnyaneshwari,"Chapter 18, Verse 1112",24:50 - 24:57
Dnyaneshwari-42_Transcript.md,Dnyaneshwari,"Chapter 18, Verse 1108",00:00 - 00:07
Dnyaneshwari-42_Transcript.md,Dnyaneshwari,"Chapter 18, Verse 1109",00:07 - 00:13
Dnyaneshwari-42_Transcript.md,Dnyaneshwari,"Chapter 18, Verse 1110",00:17 - 00:24
Dnyaneshwari-42_Transcript.md,Dnyaneshwari,"Chapter 18, Verse 1111",00:24 - 00:33
Dnyaneshwari-42_Transcript.md,Dnyaneshwari,"Chapter 18, Verse 1112",00:33 - 00:39
Dnyaneshwari-42_Transcript.md,Dnyaneshwari,"Chapter 18, Verse 1113",00:39 - 00:45
Dnyaneshwari-42_Transcript.md,Dnyaneshwari,"Chapter 18, Verse 1114",00:45 - 00:52
Dnyaneshwari-42_Transcript.md,Dnyaneshwari,"Chapter 18, Verse 1115",00:52 - 00:58
Dnyaneshwari-42_Transcript.md,Dnyaneshwari,"Chapter 18, Verse 1116",00:58 - 01:14
Dnyaneshwari-42_Transcript.md,Dnyaneshwari,"Chapter 18, Verse 1110",02:31 - 02:37
Dnyaneshwari-42_Transcript.md,Dnyaneshwari,"Chapter 18, Verse 1110",02:55 - 03:01
Dnyaneshwari-42_Transcript.md,Dnyaneshwari,"Chapter 18, Verse 1110",03:22 - 03:29
Dnyaneshwari-42_Transcript.md,Dnyaneshwari,"Chapter 18, Verse 1110",08:46 - 08:55
Dnyaneshwari-42_Transcript.md,Dnyaneshwari,"Chapter 10, Verse 116",12:00 - 12:03
Dnyaneshwari-42_Transcript.md,Dnyaneshwari,"Chapter 2, Verse 158",13:10 - 13:25
Dnyaneshwari-42_Transcript.md,Dnyaneshwari,"Chapter 18, Verse 1111",13:52 - 14:04
Dnyaneshwari-42_Transcript.md,Dnyaneshwari,"Chapter 3, Verse 215",16:13 - 16:22
Dnyaneshwari-42_Transcript.md,Dnyaneshwari,"Chapter 13, Verse 76",16:42 - 17:00
Dnyaneshwari-42_Transcript.md,Dnyaneshwari,"Chapter 18, Verse 1060",17:24 - 17:31
Dnyaneshwari-42_Transcript.md,Dnyaneshwari,"Chapter 18, Verse 72",17:31 - 17:48
Dnyaneshwari-42_Transcript.md,Dnyaneshwari,"Chapter 14, Verse 382",20:40 - 20:53
Dnyaneshwari-42_Transcript.md,Dnyaneshwari,"Chapter 14, Verse 383",20:53 - 21:00
Dnyaneshwari-42_Transcript.md,Dnyaneshwari,"Chapter 14, Verse 381",21:40 - 21:52
Dnyaneshwari-42_Transcript.md,Dnyaneshwari,"Chapter 14, Verse 382",21:40 - 21:52
Dnyaneshwari-42_Transcript.md,Dnyaneshwari,"Chapter 14, Verse 383",21:52 - 21:56
Dnyaneshwari-42_Transcript.md,Dnyaneshwari,"Chapter 18, Verse 1112",22:12 - 22:24
Dnyaneshwari-42_Transcript.md,Dnyaneshwari,"Chapter 18, Verse 1112",23:28 - 23:39
Dnyaneshwari-42_Transcript.md,Dnyaneshwari,"Chapter 18, Verse 704",23:39 - 23:56
Dnyaneshwari-42_Transcript.md,Dnyaneshwari,"Chapter 18, Verse 1112",23:56 - 24:08
Dnyaneshwari-42_Transcript.md,Dnyaneshwari,"Chapter 18, Verse 704",23:56 - 24:08
Dnyaneshwari-42_Transcript.md,Dnyaneshwari,"Chapter 18, Verse 1112",25:18 - 25:37
Dnyaneshwari-42_Transcript.md,Dnyaneshwari,"Chapter 14, Verse 383",26:37 - 26:49
Dnyaneshwari-42_Transcript.md,Dnyaneshwari,"Chapter 18, Verse 1112",27:00 - 27:14
Dnyaneshwari-42_Transcript.md,Dnyaneshwari,"Chapter 18, Verse 1113",27:00 - 27:14
Dnyaneshwari-42_Transcript.md,Dnyaneshwari,"Chapter 7, Verse 109",27:14 - 27:27
Dnyaneshwari-42_Transcript.md,Dnyaneshwari,"Chapter 18, Verse 1107",27:14 - 27:27
Dnyaneshwari-42_Transcript.md,Dnyaneshwari,"Chapter 18, Verse 1113",27:52 - 28:03
Dnyaneshwari-42_Transcript.md,Dnyaneshwari,"Chapter 9, Verse 346",30:00 - 30:11
Dnyaneshwari-42_Transcript.md,Dnyaneshwari,"Chapter 18, Verse 1116",30:11 - 30:25
Dnyaneshwari-42_Transcript.md,Dnyaneshwari,"Chapter 18, Verse 1204",31:25 - 31:36
Dnyaneshwari-42_Transcript.md,Dnyaneshwari,"Chapter 9, Verse 346",31:36 - 31:49
Dnyaneshwari-42_Transcript.md,Dnyaneshwari,"Chapter 18, Verse 1204",31:36 - 31:49
Dnyaneshwari-42_Transcript.md,Dnyaneshwari,"Chapter 18, Verse 1113",32:04 - 32:15
Dnyaneshwari-42_Transcript.md,Dnyaneshwari,"Chapter 18, Verse 1114",33:03 - 33:17
Dnyaneshwari-42_Transcript.md,Dnyaneshwari,"Chapter 18, Verse 1115",33:31 - 33:43
Dnyaneshwari-42_Transcript.md,Dnyaneshwari,"Chapter 7, Verse 152",34:23 - 34:30
Dnyaneshwari-42_Transcript.md,Dnyaneshwari,"Chapter 12, Verse 26",34:23 - 34:30
Dnyaneshwari-43_Transcript.md,Dnyaneshwari,"Chapter 18, Verse 1111",00:06 - 00:11
Dnyaneshwari-43_Transcript.md,Dnyaneshwari,"Chapter 18, Verse 1112",00:14 - 00:16
Dnyaneshwari-43_Transcript.md,Dnyaneshwari,"Chapter 18, Verse 1113",00:20 - 00:26
Dnyaneshwari-43_Transcript.md,Dnyaneshwari,"Chapter 18, Verse 1114",00:29 - 00:34
Dnyaneshwari-43_Transcript.md,Dnyaneshwari,"Chapter 18, Verse 1115",00:34 - 00:37
Dnyaneshwari-43_Transcript.md,Dnyaneshwari,"Chapter 18, Verse 1116",00:39 - 00:41
Dnyaneshwari-43_Transcript.md,Dnyaneshwari,"Chapter 18, Verse 1117",00:46 - 00:48
Dnyaneshwari-43_Transcript.md,Dnyaneshwari,"Chapter 12, Verse 103",00:48 - 00:50
Dnyaneshwari-43_Transcript.md,Dnyaneshwari,"Chapter 18, Verse 1107",02:42 - 02:46
Dnyaneshwari-43_Transcript.md,Dnyaneshwari,"Chapter 11, Verse 698",03:54 - 03:58
Dnyaneshwari-43_Transcript.md,Dnyaneshwari,"Chapter 4, Verse 67",04:00 - 04:05
Dnyaneshwari-43_Transcript.md,Dnyaneshwari,"Chapter 4, Verse 67",04:07 - 04:12
Dnyaneshwari-43_Transcript.md,Dnyaneshwari,"Chapter 4, Verse 67",10:13 - 10:17
Dnyaneshwari-43_Transcript.md,Dnyaneshwari,"Chapter 18, Verse 1113",10:24 - 10:32
Dnyaneshwari-43_Transcript.md,Dnyaneshwari,"Chapter 18, Verse 478",13:47 - 13:52
Dnyaneshwari-43_Transcript.md,Dnyaneshwari,"Chapter 13, Verse 1057",14:02 - 14:04
Dnyaneshwari-43_Transcript.md,Dnyaneshwari,"Chapter 12, Verse 70",18:49 - 18:58
Dnyaneshwari-43_Transcript.md,Dnyaneshwari,"Chapter 4, Verse 67",21:15 - 21:17
Dnyaneshwari-43_Transcript.md,Dnyaneshwari,"Chapter 18, Verse 1114",29:20 - 29:28
Dnyaneshwari-43_Transcript.md,Dnyaneshwari,"Chapter 18, Verse 1114",00:57 - 01:04
Dnyaneshwari-43_Transcript.md,Dnyaneshwari,"Chapter 18, Verse 1115",01:04 - 01:11
Dnyaneshwari-43_Transcript.md,Dnyaneshwari,"Chapter 18, Verse 1107",01:16 - 01:23
Dnyaneshwari-43_Transcript.md,Dnyaneshwari,"Chapter 18, Verse 1114",09:26 - 09:36
Dnyaneshwari-43_Transcript.md,Dnyaneshwari,"Chapter 18, Verse 1115",09:36 - 09:41
Dnyaneshwari-44_Transcript.md,Dnyaneshwari,"Chapter 18, Verse 1112",00:00 - 00:06
Dnyaneshwari-44_Transcript.md,Dnyaneshwari,"Chapter 18, Verse 1114",00:12 - 00:18
Dnyaneshwari-44_Transcript.md,Dnyaneshwari,"Chapter 18, Verse 1115",00:18 - 00:24
Dnyaneshwari-44_Transcript.md,Dnyaneshwari,"Chapter 18, Verse 1116",00:24 - 00:32
Dnyaneshwari-44_Transcript.md,Dnyaneshwari,"Chapter 18, Verse 1117",00:32 - 00:38
Dnyaneshwari-44_Transcript.md,Dnyaneshwari,"Chapter 12, Verse 103",00:32 - 00:38
Dnyaneshwari-44_Transcript.md,Dnyaneshwari,"Chapter 18, Verse 1118",00:38 - 00:44
Dnyaneshwari-44_Transcript.md,Dnyaneshwari,"Chapter 13, Verse 1116",00:44 - 00:51
Dnyaneshwari-44_Transcript.md,Dnyaneshwari,"Chapter 18, Verse 1119",00:44 - 00:51
Dnyaneshwari-44_Transcript.md,Dnyaneshwari,"Chapter 18, Verse 1120",00:51 - 00:57
Dnyaneshwari-44_Transcript.md,Dnyaneshwari,"Chapter 18, Verse 1121",00:57 - 01:04
Dnyaneshwari-44_Transcript.md,Dnyaneshwari,"Chapter 18, Verse 1122",01:04 - 01:11
Dnyaneshwari-44_Transcript.md,Dnyaneshwari,"Chapter 18, Verse 1123",01:11 - 01:17
Dnyaneshwari-44_Transcript.md,Dnyaneshwari,"Chapter 18, Verse 1124",01:17 - 01:24
Dnyaneshwari-44_Transcript.md,Dnyaneshwari,"Chapter 18, Verse 1112",01:30 - 01:37
Dnyaneshwari-44_Transcript.md,Dnyaneshwari,"Chapter 9, Verse 63",03:56 - 04:12
Dnyaneshwari-44_Transcript.md,Dnyaneshwari,"Chapter 9, Verse 63",03:56 - 04:12
Dnyaneshwari-44_Transcript.md,Dnyaneshwari,"Chapter 18, Verse 1112",04:33 - 04:47
Dnyaneshwari-44_Transcript.md,Dnyaneshwari,"Chapter 18, Verse 1112",05:55 - 06:05
Dnyaneshwari-44_Transcript.md,Dnyaneshwari,"Chapter 14, Verse 151",08:45 - 08:56
Dnyaneshwari-44_Transcript.md,Dnyaneshwari,"Chapter 18, Verse 1115",09:45 - 10:15
Dnyaneshwari-44_Transcript.md,Dnyaneshwari,"Chapter 18, Verse 1116",09:45 - 10:15
Dnyaneshwari-44_Transcript.md,Dnyaneshwari,"Chapter 18, Verse 1116",20:18 - 20:30
Dnyaneshwari-44_Transcript.md,Dnyaneshwari,"Chapter 18, Verse 1117",20:30 - 20:39
Dnyaneshwari-44_Transcript.md,Dnyaneshwari,"Chapter 12, Verse 103",20:30 - 20:39
Dnyaneshwari-44_Transcript.md,Dnyaneshwari,"Chapter 15, Verse 541",20:56 - 21:00
Dnyaneshwari-44_Transcript.md,Dnyaneshwari,"Chapter 18, Verse 1117",21:00 - 21:14
Dnyaneshwari-44_Transcript.md,Dnyaneshwari,"Chapter 14, Verse 301",21:47 - 22:14
Dnyaneshwari-44_Transcript.md,Dnyaneshwari,"Chapter 18, Verse 262",22:17 - 22:23
Dnyaneshwari-44_Transcript.md,Dnyaneshwari,"Chapter 18, Verse 1117",22:23 - 22:57
Dnyaneshwari-44_Transcript.md,Dnyaneshwari,"Chapter 2, Verse 6",22:23 - 22:57
Dnyaneshwari-44_Transcript.md,Dnyaneshwari,"Chapter 18, Verse 1118",23:05 - 23:17
Dnyaneshwari-44_Transcript.md,Dnyaneshwari,"Chapter 18, Verse 1118",23:42 - 24:03
Dnyaneshwari-44_Transcript.md,Dnyaneshwari,"Chapter 18, Verse 1118",25:09 - 25:29
Dnyaneshwari-44_Transcript.md,Dnyaneshwari,"Chapter 10, Verse 118",29:12 - 29:41
Dnyaneshwari-44_Transcript.md,Dnyaneshwari,"Chapter 18, Verse 1118",29:41 - 30:05
Dnyaneshwari-44_Transcript.md,Dnyaneshwari,"Chapter 11, Verse 338",30:18 - 30:25
Dnyaneshwari-44_Transcript.md,Dnyaneshwari,"Chapter 11, Verse 178",30:35 - 30:43
Dnyaneshwari-44_Transcript.md,Dnyaneshwari,"Chapter 5, Verse 181",30:43 - 30:56
Dnyaneshwari-44_Transcript.md,Dnyaneshwari,"Chapter 13, Verse 1116",33:44 - 33:55
Dnyaneshwari-44_Transcript.md,Dnyaneshwari,"Chapter 18, Verse 1119",33:44 - 33:55
Dnyaneshwari-44_Transcript.md,Dnyaneshwari,"Chapter 13, Verse 1116",33:55 - 34:04
Dnyaneshwari-44_Transcript.md,Dnyaneshwari,"Chapter 18, Verse 1119",33:55 - 34:04
Dnyaneshwari-44_Transcript.md,Dnyaneshwari,"Chapter 4, Verse 22",36:34 - 36:45
Dnyaneshwari-44_Transcript.md,Dnyaneshwari,"Chapter 4, Verse 22",37:00 - 37:55
Dnyaneshwari-44_Transcript.md,Dnyaneshwari,"Chapter 4, Verse 22",37:55 - 38:10
Dnyaneshwari-44_Transcript.md,Dnyaneshwari,"Chapter 1, Verse 219",38:21 - 38:36
Dnyaneshwari-44_Transcript.md,Dnyaneshwari,"Chapter 7, Verse 136",38:21 - 38:36
Dnyaneshwari-44_Transcript.md,Dnyaneshwari,"Chapter 18, Verse 447",39:33 - 39:57
Dnyaneshwari-44_Transcript.md,Dnyaneshwari,"Chapter 10, Verse 159",40:06 - 40:45
Dnyaneshwari-44_Transcript.md,Dnyaneshwari,"Chapter 10, Verse 159",40:06 - 40:45
Dnyaneshwari-45_Transcript.md,Dnyaneshwari,"Chapter 18, Verse 1179",00:02 - 00:12
Dnyaneshwari-45_Transcript.md,Dnyaneshwari,"Chapter 18, Verse 1180",00:12 - 00:19
Dnyaneshwari-45_Transcript.md,Dnyaneshwari,"Chapter 18, Verse 1181",00:19 - 00:26
Dnyaneshwari-45_Transcript.md,Dnyaneshwari,"Chapter 18, Verse 1181",00:19 - 00:26
Dnyaneshwari-45_Transcript.md,Dnyaneshwari,"Chapter 18, Verse 1182",00:26 - 00:34
Dnyaneshwari-45_Transcript.md,Dnyaneshwari,"Chapter 18, Verse 1183",00:34 - 00:41
Dnyaneshwari-45_Transcript.md,Dnyaneshwari,"Chapter 18, Verse 1185",00:47 - 01:01
Dnyaneshwari-45_Transcript.md,Dnyaneshwari,"Chapter 18, Verse 1186",00:54 - 01:08
Dnyaneshwari-45_Transcript.md,Dnyaneshwari,"Chapter 18, Verse 1187",01:01 - 01:08
Dnyaneshwari-45_Transcript.md,Dnyaneshwari,"Chapter 6, Verse 327",01:01 - 01:08
Dnyaneshwari-45_Transcript.md,Dnyaneshwari,"Chapter 18, Verse 1181",04:58 - 05:07
Dnyaneshwari-45_Transcript.md,Dnyaneshwari,"Chapter 18, Verse 1182",04:59 - 05:07
Dnyaneshwari-45_Transcript.md,Dnyaneshwari,"Chapter 18, Verse 1181",05:07 - 05:13
Dnyaneshwari-45_Transcript.md,Dnyaneshwari,"Chapter 18, Verse 1181",08:02 - 08:14
Dnyaneshwari-45_Transcript.md,Dnyaneshwari,"Chapter 18, Verse 1181",08:14 - 08:25
Dnyaneshwari-45_Transcript.md,Dnyaneshwari,"Chapter 18, Verse 1182",08:17 - 08:25
Dnyaneshwari-45_Transcript.md,Dnyaneshwari,"Chapter 9, Verse 192",08:28 - 08:37
Dnyaneshwari-45_Transcript.md,Dnyaneshwari,"Chapter 9, Verse 192",08:39 - 08:43
Dnyaneshwari-45_Transcript.md,Dnyaneshwari,"Chapter 9, Verse 192",09:04 - 09:21
Dnyaneshwari-45_Transcript.md,Dnyaneshwari,"Chapter 18, Verse 1182",09:51 - 10:00
Dnyaneshwari-45_Transcript.md,Dnyaneshwari,"Chapter 10, Verse 118",10:08 - 10:18
Dnyaneshwari-45_Transcript.md,Dnyaneshwari,"Chapter 10, Verse 118",10:20 - 10:27
Dnyaneshwari-45_Transcript.md,Dnyaneshwari,"Chapter 10, Verse 118",10:27 - 10:32
Dnyaneshwari-45_Transcript.md,Dnyaneshwari,"Chapter 10, Verse 118",10:49 - 10:59
Dnyaneshwari-45_Transcript.md,Dnyaneshwari,"Chapter 10, Verse 126",13:00 - 13:10
Dnyaneshwari-45_Transcript.md,Dnyaneshwari,"Chapter 18, Verse 1181",13:46 - 13:49
Dnyaneshwari-45_Transcript.md,Dnyaneshwari,"Chapter 18, Verse 1182",14:05 - 14:16
Dnyaneshwari-45_Transcript.md,Dnyaneshwari,"Chapter 9, Verse 202",15:00 - 15:10
Dnyaneshwari-45_Transcript.md,Dnyaneshwari,"Chapter 18, Verse 1183",15:16 - 15:30
Dnyaneshwari-45_Transcript.md,Dnyaneshwari,"Chapter 7, Verse 163",15:44 - 15:51
Dnyaneshwari-45_Transcript.md,Dnyaneshwari,"Chapter 11, Verse 54",16:16 - 16:18
Dnyaneshwari-45_Transcript.md,Dnyaneshwari,"Chapter 18, Verse 1183",17:10 - 17:26
Dnyaneshwari-45_Transcript.md,Dnyaneshwari,"Chapter 9, Verse 192",18:40 - 18:42
Dnyaneshwari-45_Transcript.md,Dnyaneshwari,"Chapter 18, Verse 1185",18:48 - 19:00
Dnyaneshwari-45_Transcript.md,Dnyaneshwari,"Chapter 18, Verse 1186",19:36 - 19:47
Dnyaneshwari-45_Transcript.md,Dnyaneshwari,"Chapter 18, Verse 1186",21:05 - 21:16
Dnyaneshwari-45_Transcript.md,Dnyaneshwari,"Chapter 18, Verse 1186",21:09 - 21:16
Dnyaneshwari-45_Transcript.md,Dnyaneshwari,"Chapter 18, Verse 1186",21:22 - 21:31
Dnyaneshwari-45_Transcript.md,Dnyaneshwari,"Chapter 18, Verse 1186",22:10 - 22:20
Dnyaneshwari-45_Transcript.md,Dnyaneshwari,"Chapter 18, Verse 1186",22:36 - 22:45
Dnyaneshwari-45_Transcript.md,Dnyaneshwari,"Chapter 18, Verse 1186",22:57 - 23:14
Dnyaneshwari-45_Transcript.md,Dnyaneshwari,"Chapter 18, Verse 1186",23:32 - 23:37
Dnyaneshwari-45_Transcript.md,Dnyaneshwari,"Chapter 18, Verse 1187",23:37 - 23:54
Dnyaneshwari-45_Transcript.md,Dnyaneshwari,"Chapter 6, Verse 327",23:37 - 23:54
Dnyaneshwari-45_Transcript.md,Dnyaneshwari,"Chapter 11, Verse 393",24:48 - 24:54
Dnyaneshwari-45_Transcript.md,Dnyaneshwari,"Chapter 11, Verse 393",25:02 - 25:09
Dnyaneshwari-45_Transcript.md,Dnyaneshwari,"Chapter 15, Verse 543",25:22 - 25:31
Dnyaneshwari-45_Transcript.md,Dnyaneshwari,"Chapter 18, Verse 1181",25:35 - 25:49
Dnyaneshwari-45_Transcript.md,Dnyaneshwari,"Chapter 18, Verse 999",25:35 - 25:49
Dnyaneshwari-45_Transcript.md,Dnyaneshwari,"Chapter 18, Verse 508",25:53 - 25:58
Dnyaneshwari-45_Transcript.md,Dnyaneshwari,"Chapter 5, Verse 37",25:53 - 25:58
Dnyaneshwari-45_Transcript.md,Dnyaneshwari,"Chapter 13, Verse 932",25:58 - 26:01
Dnyaneshwari-45_Transcript.md,Dnyaneshwari,"Chapter 18, Verse 999",26:01 - 26:08
Dnyaneshwari-45_Transcript.md,Dnyaneshwari,"Chapter 18, Verse 1187",26:24 - 26:38
Dnyaneshwari-45_Transcript.md,Dnyaneshwari,"Chapter 6, Verse 327",26:24 - 26:38
Dnyaneshwari-45_Transcript.md,Dnyaneshwari,"Chapter 6, Verse 327",28:56 - 29:06
Dnyaneshwari-45_Transcript.md,Dnyaneshwari,"Chapter 18, Verse 1187",28:56 - 29:06
Dnyaneshwari-45_Transcript.md,Dnyaneshwari,"Chapter 18, Verse 1187",29:06 - 29:15
Dnyaneshwari-45_Transcript.md,Dnyaneshwari,"Chapter 6, Verse 327",29:06 - 29:15
Dnyaneshwari-45_Transcript.md,Dnyaneshwari,"Chapter 18, Verse 1187",29:44 - 29:49
Dnyaneshwari-45_Transcript.md,Dnyaneshwari,"Chapter 18, Verse 509",29:55 - 30:02
Dnyaneshwari-45_Transcript.md,Dnyaneshwari,"Chapter 18, Verse 482",29:55 - 30:02
Dnyaneshwari-45_Transcript.md,Dnyaneshwari,"Chapter 18, Verse 508",30:02 - 30:11
Dnyaneshwari-45_Transcript.md,Dnyaneshwari,"Chapter 15, Verse 543",30:02 - 30:11
Dnyaneshwari-45_Transcript.md,Dnyaneshwari,"Chapter 9, Verse 93",32:09 - 32:26
Dnyaneshwari-45_Transcript.md,Dnyaneshwari,"Chapter 9, Verse 93",32:09 - 32:30
Dnyaneshwari-45_Transcript.md,Dnyaneshwari,"Chapter 9, Verse 93",32:38 - 32:50
Dnyaneshwari-45_Transcript.md,Dnyaneshwari,"Chapter 14, Verse 381",35:01 - 35:15
Dnyaneshwari-45_Transcript.md,Dnyaneshwari,"Chapter 14, Verse 382",35:01 - 35:15
Dnyaneshwari-45_Transcript.md,Dnyaneshwari,"Chapter 9, Verse 93",35:15 - 35:41
Dnyaneshwari-45_Transcript.md,Dnyaneshwari,"Chapter 14, Verse 382",36:27 - 36:41
Dnyaneshwari-45_Transcript.md,Dnyaneshwari,"Chapter 14, Verse 383",36:27 - 36:41
Dnyaneshwari-46_Transcript.md,Dnyaneshwari,"Chapter 18, Verse 1190",00:00 - 00:50
Dnyaneshwari-46_Transcript.md,Dnyaneshwari,"Chapter 18, Verse 1194",00:00 - 00:50
Dnyaneshwari-46_Transcript.md,Dnyaneshwari,"Chapter 18, Verse 1195",00:50 - 00:58
Dnyaneshwari-46_Transcript.md,Dnyaneshwari,"Chapter 18, Verse 1187",01:14 - 01:26
Dnyaneshwari-46_Transcript.md,Dnyaneshwari,"Chapter 15, Verse 575",02:11 - 02:42
Dnyaneshwari-46_Transcript.md,Dnyaneshwari,"Chapter 18, Verse 1188",03:01 - 03:02
Dnyaneshwari-46_Transcript.md,Dnyaneshwari,"Chapter 18, Verse 1188",03:11 - 03:31
Dnyaneshwari-46_Transcript.md,Dnyaneshwari,"Chapter 18, Verse 1188",06:07 - 06:18
Dnyaneshwari-46_Transcript.md,Dnyaneshwari,"Chapter 18, Verse 1190",06:34 - 00:50
Dnyaneshwari-46_Transcript.md,Dnyaneshwari,"Chapter 18, Verse 1194",06:34 - 00:50
Dnyaneshwari-46_Transcript.md,Dnyaneshwari,"Chapter 18, Verse 1195",00:50 - 00:58
Dnyaneshwari-46_Transcript.md,Dnyaneshwari,"Chapter 18, Verse 1187",01:14 - 01:26
Dnyaneshwari-46_Transcript.md,Dnyaneshwari,"Chapter 15, Verse 575",02:11 - 02:42
Dnyaneshwari-46_Transcript.md,Dnyaneshwari,"Chapter 18, Verse 1188",03:01 - 03:02
Dnyaneshwari-46_Transcript.md,Dnyaneshwari,"Chapter 18, Verse 1188",03:11 - 03:31
Dnyaneshwari-46_Transcript.md,Dnyaneshwari,"Chapter 18, Verse 1188",06:07 - 06:18
Dnyaneshwari-47_Transcript.md,Dnyaneshwari,"Chapter 18, Verse 1188",00:03 - 00:11
Dnyaneshwari-47_Transcript.md,Dnyaneshwari,"Chapter 18, Verse 1189",00:11 - 00:17
Dnyaneshwari-47_Transcript.md,Dnyaneshwari,"Chapter 9, Verse 161",00:11 - 00:17
Dnyaneshwari-47_Transcript.md,Dnyaneshwari,"Chapter 18, Verse 1190",00:11 - 00:22
Dnyaneshwari-47_Transcript.md,Dnyaneshwari,"Chapter 18, Verse 1191",00:22 - 00:30
Dnyaneshwari-47_Transcript.md,Dnyaneshwari,"Chapter 18, Verse 1192",00:30 - 00:36
Dnyaneshwari-47_Transcript.md,Dnyaneshwari,"Chapter 18, Verse 1193",00:36 - 00:44
Dnyaneshwari-47_Transcript.md,Dnyaneshwari,"Chapter 18, Verse 1194",00:44 - 01:01
Dnyaneshwari-47_Transcript.md,Dnyaneshwari,"Chapter 18, Verse 1195",00:51 - 01:01
Dnyaneshwari-47_Transcript.md,Dnyaneshwari,"Chapter 18, Verse 1187",01:12 - 01:19
Dnyaneshwari-47_Transcript.md,Dnyaneshwari,"Chapter 6, Verse 327",01:12 - 01:19
Dnyaneshwari-47_Transcript.md,Dnyaneshwari,"Chapter 18, Verse 1190",02:37 - 02:43
Dnyaneshwari-47_Transcript.md,Dnyaneshwari,"Chapter 18, Verse 1190",05:34 - 05:37
Dnyaneshwari-47_Transcript.md,Dnyaneshwari,"Chapter 10, Verse 116",11:48 - 11:52
Dnyaneshwari-47_Transcript.md,Dnyaneshwari,"Chapter 10, Verse 116",12:07 - 12:26
Dnyaneshwari-47_Transcript.md,Dnyaneshwari,"Chapter 18, Verse 1191",13:50 - 13:54
Dnyaneshwari-47_Transcript.md,Dnyaneshwari,"Chapter 18, Verse 1191",14:48 - 14:52
Dnyaneshwari-47_Transcript.md,Dnyaneshwari,"Chapter 18, Verse 1192",15:44 - 15:49
Dnyaneshwari-47_Transcript.md,Dnyaneshwari,"Chapter 1, Verse 71",16:18 - 16:31
Dnyaneshwari-47_Transcript.md,Dnyaneshwari,"Chapter 18, Verse 1192",16:42 - 16:45
Dnyaneshwari-47_Transcript.md,Dnyaneshwari,"Chapter 13, Verse 922",17:01 - 17:05
Dnyaneshwari-47_Transcript.md,Dnyaneshwari,"Chapter 13, Verse 922",17:37 - 17:41
Dnyaneshwari-47_Transcript.md,Dnyaneshwari,"Chapter 18, Verse 1192",19:28 - 19:30
Dnyaneshwari-47_Transcript.md,Dnyaneshwari,"Chapter 1, Verse 177",23:12 - 23:15
Dnyaneshwari-47_Transcript.md,Dnyaneshwari,"Chapter 18, Verse 999",23:49 - 23:53
Dnyaneshwari-47_Transcript.md,Dnyaneshwari,"Chapter 18, Verse 1192",24:26 - 24:29
Dnyaneshwari-47_Transcript.md,Dnyaneshwari,"Chapter 18, Verse 1192",27:04 - 27:12
Dnyaneshwari-47_Transcript.md,Dnyaneshwari,"Chapter 18, Verse 1193",27:12 - 27:19
Dnyaneshwari-48_Transcript.md,Dnyaneshwari,"Chapter 18, Verse 1191",00:01 - 00:47
Dnyaneshwari-48_Transcript.md,Dnyaneshwari,"Chapter 18, Verse 1193",00:01 - 00:47
Dnyaneshwari-48_Transcript.md,Dnyaneshwari,"Chapter 18, Verse 1188",01:03 - 01:27
Dnyaneshwari-48_Transcript.md,Dnyaneshwari,"Chapter 8, Verse 139",02:27 - 03:39
Dnyaneshwari-48_Transcript.md,Dnyaneshwari,"Chapter 18, Verse 1192",02:27 - 03:39
Dnyaneshwari-48_Transcript.md,Dnyaneshwari,"Chapter 18, Verse 1191",03:39 - 04:22
Dnyaneshwari-48_Transcript.md,Dnyaneshwari,"Chapter 18, Verse 1192",03:39 - 04:22
Dnyaneshwari-48_Transcript.md,Dnyaneshwari,"Chapter 11, Verse 50",04:22 - 05:45
Dnyaneshwari-48_Transcript.md,Dnyaneshwari,"Chapter 10, Verse 118",05:45 - 05:45
Dnyaneshwari-48_Transcript.md,Dnyaneshwari,"Chapter 18, Verse 618",05:45 - 05:45
Dnyaneshwari-49_Transcript.md,Dnyaneshwari,"Chapter 18, Verse 1188",00:00 - 00:06
Dnyaneshwari-49_Transcript.md,Dnyaneshwari,"Chapter 18, Verse 1189",00:06 - 00:13
Dnyaneshwari-49_Transcript.md,Dnyaneshwari,"Chapter 18, Verse 1190",00:13 - 00:18
Dnyaneshwari-49_Transcript.md,Dnyaneshwari,"Chapter 18, Verse 1191",00:18 - 00:25
Dnyaneshwari-49_Transcript.md,Dnyaneshwari,"Chapter 18, Verse 1192",00:25 - 00:31
Dnyaneshwari-49_Transcript.md,Dnyaneshwari,"Chapter 18, Verse 1193",00:31 - 00:37
Dnyaneshwari-49_Transcript.md,Dnyaneshwari,"Chapter 18, Verse 1194",00:37 - 00:44
Dnyaneshwari-49_Transcript.md,Dnyaneshwari,"Chapter 18, Verse 1195",00:44 - 00:52
Dnyaneshwari-49_Transcript.md,Dnyaneshwari,"Chapter 9, Verse 167",04:20 - 04:23
Dnyaneshwari-49_Transcript.md,Dnyaneshwari,"Chapter 10, Verse 21",07:56 - 08:03
Dnyaneshwari-49_Transcript.md,Dnyaneshwari,"Chapter 17, Verse 73",05:35 - 05:46
Dnyaneshwari-49_Transcript.md,Dnyaneshwari,"Chapter 15, Verse 514",08:34 - 08:37
Dnyaneshwari-49_Transcript.md,Dnyaneshwari,"Chapter 15, Verse 523",09:30 - 09:36
Dnyaneshwari-49_Transcript.md,Dnyaneshwari,"Chapter 15, Verse 514",09:30 - 09:36
Dnyaneshwari-49_Transcript.md,Dnyaneshwari,"Chapter 18, Verse 442",12:16 - 12:21
Dnyaneshwari-49_Transcript.md,Dnyaneshwari,"Chapter 18, Verse 442",12:51 - 12:56
Dnyaneshwari-49_Transcript.md,Dnyaneshwari,"Chapter 15, Verse 514",15:22 - 15:28
Dnyaneshwari-49_Transcript.md,Dnyaneshwari,"Chapter 15, Verse 496",16:26 - 16:27
Dnyaneshwari-49_Transcript.md,Dnyaneshwari,"Chapter 18, Verse 1147",17:41 - 17:46
Dnyaneshwari-49_Transcript.md,Dnyaneshwari,"Chapter 18, Verse 1147",17:50 - 17:55
Dnyaneshwari-49_Transcript.md,Dnyaneshwari,"Chapter 18, Verse 1175",17:55 - 17:59
Dnyaneshwari-50_Transcript.md,Dnyaneshwari,"Chapter 10, Verse 13",00:00 - 00:41
Dnyaneshwari-50_Transcript.md,Dnyaneshwari,"Chapter 10, Verse 14",00:00 - 00:41
Dnyaneshwari-50_Transcript.md,Dnyaneshwari,"Chapter 10, Verse 15",00:41 - 00:50
Dnyaneshwari-50_Transcript.md,Dnyaneshwari,"Chapter 18, Verse 1",00:50 - 00:58
Dnyaneshwari-50_Transcript.md,Dnyaneshwari,"Chapter 18, Verse 6",01:21 - 01:28
Dnyaneshwari-50_Transcript.md,Dnyaneshwari,"Chapter 18, Verse 7",01:36 - 01:44
Dnyaneshwari-50_Transcript.md,Dnyaneshwari,"Chapter 18, Verse 10",02:00 - 02:08
Dnyaneshwari-50_Transcript.md,Dnyaneshwari,"Chapter 18, Verse 1188",03:26 - 03:33
Dnyaneshwari-50_Transcript.md,Dnyaneshwari,"Chapter 18, Verse 1189",03:26 - 03:38
Dnyaneshwari-50_Transcript.md,Dnyaneshwari,"Chapter 18, Verse 1190",03:38 - 03:44
Dnyaneshwari-50_Transcript.md,Dnyaneshwari,"Chapter 18, Verse 1191",03:38 - 03:50
Dnyaneshwari-50_Transcript.md,Dnyaneshwari,"Chapter 18, Verse 1192",03:50 - 03:57
Dnyaneshwari-50_Transcript.md,Dnyaneshwari,"Chapter 18, Verse 1193",03:57 - 04:03
Dnyaneshwari-50_Transcript.md,Dnyaneshwari,"Chapter 18, Verse 1194",04:03 - 04:09
Dnyaneshwari-50_Transcript.md,Dnyaneshwari,"Chapter 18, Verse 1195",04:09 - 04:31
Dnyaneshwari-50_Transcript.md,Dnyaneshwari,"Chapter 16, Verse 4",3:10:00 - 3:17:00
Dnyaneshwari-50_Transcript.md,Dnyaneshwari,"Chapter 16, Verse 4",3:17:00 - 3:25:00
Dnyaneshwari-50_Transcript.md,Dnyaneshwari,"Chapter 14, Verse 270",3:48:00 - 4:00:00
Dnyaneshwari-50_Transcript.md,Dnyaneshwari,"Chapter 14, Verse 270",4:28:00 - 4:35:00
Dnyaneshwari-50_Transcript.md,Dnyaneshwari,"Chapter 11, Verse 351",8:34:00 - 8:44:00
Dnyaneshwari-50_Transcript.md,Dnyaneshwari,"Chapter 16, Verse 4",10:11:00 - 10:21:00
Dnyaneshwari-50_Transcript.md,Dnyaneshwari,"Chapter 9, Verse 101",11:14:00 - 11:19:00
Dnyaneshwari-50_Transcript.md,Dnyaneshwari,"Chapter 16, Verse 4",12:46:00 - 12:59:00
Dnyaneshwari-50_Transcript.md,Dnyaneshwari,"Chapter 18, Verse 1188",14:56:00 - 15:26:00
Dnyaneshwari-50_Transcript.md,Dnyaneshwari,"Chapter 16, Verse 4",19:39:00 - 19:55:00
Dnyaneshwari-50_Transcript.md,Dnyaneshwari,"Chapter 8, Verse 59",25:42:00 - 25:52:00
Dnyaneshwari-50_Transcript.md,Dnyaneshwari,"Chapter 18, Verse 1216",44:56 - 45:09
Dnyaneshwari-50_Transcript.md,Dnyaneshwari,"Chapter 18, Verse 1216",45:09 - 45:14:00
Dnyaneshwari-51_Transcript.md,Dnyaneshwari,"Chapter 18, Verse 1189",01:20 - 01:24
Dnyaneshwari-52_Transcript.md,Dnyaneshwari,"Chapter 18, Verse 1189",01:28 - 01:37
Dnyaneshwari-52_Transcript.md,Dnyaneshwari,"Chapter 18, Verse 1190",01:37 - 01:42
Dnyaneshwari-52_Transcript.md,Dnyaneshwari,"Chapter 18, Verse 1191",01:42 - 01:48
Dnyaneshwari-52_Transcript.md,Dnyaneshwari,"Chapter 18, Verse 1192",01:48 - 01:54
Dnyaneshwari-52_Transcript.md,Dnyaneshwari,"Chapter 18, Verse 1194",02:00 - 02:21
Dnyaneshwari-52_Transcript.md,Dnyaneshwari,"Chapter 2, Verse 272",04:39 - 04:43
Dnyaneshwari-52_Transcript.md,Dnyaneshwari,"Chapter 2, Verse 272",04:53 - 04:55
Dnyaneshwari-52_Transcript.md,Dnyaneshwari,"Chapter 2, Verse 272",04:55 - 05:00
Dnyaneshwari-52_Transcript.md,Dnyaneshwari,"Chapter 16, Verse 6",06:51 - 06:57
Dnyaneshwari-52_Transcript.md,Dnyaneshwari,"Chapter 16, Verse 6",07:10 - 07:13
Dnyaneshwari-52_Transcript.md,Dnyaneshwari,"Chapter 16, Verse 6",08:08 - 08:16
Dnyaneshwari-52_Transcript.md,Dnyaneshwari,"Chapter 9, Verse 49",09:13 - 09:22
Dnyaneshwari-52_Transcript.md,Dnyaneshwari,"Chapter 1, Verse 25",13:30 - 13:36
Dnyaneshwari-52_Transcript.md,Dnyaneshwari,"Chapter 15, Verse 419",15:12 - 15:19
Dnyaneshwari-52_Transcript.md,Dnyaneshwari,"Chapter 16, Verse 424",17:00 - 17:02
Dnyaneshwari-52_Transcript.md,Dnyaneshwari,"Chapter 17, Verse 232",22:42 - 22:47
Dnyaneshwari-52_Transcript.md,Dnyaneshwari,"Chapter 17, Verse 232",22:53 - 22:57
Dnyaneshwari-52_Transcript.md,Dnyaneshwari,"Chapter 17, Verse 232",23:52 - 23:55
Dnyaneshwari-52_Transcript.md,Dnyaneshwari,"Chapter 17, Verse 232",24:37 - 24:43
Dnyaneshwari-52_Transcript.md,Dnyaneshwari,"Chapter 17, Verse 232",25:31 - 25:36
Dnyaneshwari-52_Transcript.md,Dnyaneshwari,"Chapter 17, Verse 232",26:15 - 26:19
Dnyaneshwari-52_Transcript.md,Dnyaneshwari,"Chapter 17, Verse 232",27:26 - 27:31
Dnyaneshwari-52_Transcript.md,Dnyaneshwari,"Chapter 17, Verse 232",27:37 - 27:42
Dnyaneshwari-52_Transcript.md,Dnyaneshwari,"Chapter 17, Verse 232",28:03 - 28:10
Dnyaneshwari-52_Transcript.md,Dnyaneshwari,"Chapter 6, Verse 188",28:17 - 28:22
Dnyaneshwari-52_Transcript.md,Dnyaneshwari,"Chapter 17, Verse 232",30:53 - 30:58
Dnyaneshwari-52_Transcript.md,Dnyaneshwari,"Chapter 18, Verse 1175",31:35 - 31:43
Dnyaneshwari-53_Transcript.md,Dnyaneshwari,"Chapter 18, Verse 1188",01:18 - 01:24
Dnyaneshwari-53_Transcript.md,Dnyaneshwari,"Chapter 18, Verse 1189",01:24 - 01:26
Dnyaneshwari-53_Transcript.md,Dnyaneshwari,"Chapter 18, Verse 1190",01:29 - 01:32
Dnyaneshwari-53_Transcript.md,Dnyaneshwari,"Chapter 18, Verse 1193",01:48 - 01:50
Dnyaneshwari-53_Transcript.md,Dnyaneshwari,"Chapter 18, Verse 1194",01:53 - 01:56
Dnyaneshwari-53_Transcript.md,Dnyaneshwari,"Chapter 18, Verse 1194",01:56 - 02:01
Dnyaneshwari-53_Transcript.md,Dnyaneshwari,"Chapter 13, Verse 110",03:43 - 03:47
Dnyaneshwari-53_Transcript.md,Dnyaneshwari,"Chapter 13, Verse 110",03:59 - 04:09
Dnyaneshwari-53_Transcript.md,Dnyaneshwari,"Chapter 13, Verse 274",04:40 - 04:44
Dnyaneshwari-53_Transcript.md,Dnyaneshwari,"Chapter 13, Verse 110",05:12 - 05:19
Dnyaneshwari-53_Transcript.md,Dnyaneshwari,"Chapter 17, Verse 232",06:57 - 07:01
Dnyaneshwari-53_Transcript.md,Dnyaneshwari,"Chapter 16, Verse 36",07:34 - 07:45
Dnyaneshwari-53_Transcript.md,Dnyaneshwari,"Chapter 4, Verse 163",08:17 - 08:23
Dnyaneshwari-53_Transcript.md,Dnyaneshwari,"Chapter 6, Verse 212",08:32 - 08:47
Dnyaneshwari-53_Transcript.md,Dnyaneshwari,"Chapter 18, Verse 1546",09:38 - 09:48
Dnyaneshwari-53_Transcript.md,Dnyaneshwari,"Chapter 14, Verse 208",11:02 - 11:05
Dnyaneshwari-53_Transcript.md,Dnyaneshwari,"Chapter 6, Verse 344",14:01 - 14:11
Dnyaneshwari-53_Transcript.md,Dnyaneshwari,"Chapter 6, Verse 344",14:11 - 14:17
Dnyaneshwari-53_Transcript.md,Dnyaneshwari,"Chapter 13, Verse 110",17:52 - 18:00
Dnyaneshwari-53_Transcript.md,Dnyaneshwari,"Chapter 6, Verse 344",18:17 - 18:32
Dnyaneshwari-53_Transcript.md,Dnyaneshwari,"Chapter 17, Verse 232",19:47 - 19:54
Dnyaneshwari-53_Transcript.md,Dnyaneshwari,"Chapter 16, Verse 36",20:28 - 20:34
Dnyaneshwari-53_Transcript.md,Dnyaneshwari,"Chapter 9, Verse 279",27:31 - 27:37
Dnyaneshwari-53_Transcript.md,Dnyaneshwari,"Chapter 10, Verse 39",27:37 - 27:42
Dnyaneshwari-53_Transcript.md,Dnyaneshwari,"Chapter 9, Verse 279",27:44 - 27:50
Dnyaneshwari-53_Transcript.md,Dnyaneshwari,"Chapter 18, Verse 1188",28:32 - 28:44
Dnyaneshwari-53_Transcript.md,Dnyaneshwari,"Chapter 18, Verse 1546",28:32 - 28:44
Dnyaneshwari-53_Transcript.md,Dnyaneshwari,"Chapter 18, Verse 1195",30:26 - 30:32
Dnyaneshwari-53_Transcript.md,Dnyaneshwari,"Chapter 18, Verse 1393",31:00 - 31:14
Dnyaneshwari-53_Transcript.md,Dnyaneshwari,"Chapter 18, Verse 1195",32:50 - 32:52
Dnyaneshwari-53_Transcript.md,Dnyaneshwari,"Chapter 18, Verse 1195",32:52 - 33:07
Dnyaneshwari-53_Transcript.md,Dnyaneshwari,"Chapter 2, Verse 181",33:35 - 33:46
Dnyaneshwari-54_Transcript.md,Dnyaneshwari,"Chapter 18, Verse 1194",01:18 - 01:24
Dnyaneshwari-54_Transcript.md,Dnyaneshwari,"Chapter 18, Verse 1195",01:24 - 01:32
Dnyaneshwari-54_Transcript.md,Dnyaneshwari,"Chapter 18, Verse 1196",01:32 - 01:38
Dnyaneshwari-54_Transcript.md,Dnyaneshwari,"Chapter 18, Verse 1197",01:38 - 01:46
Dnyaneshwari-54_Transcript.md,Dnyaneshwari,"Chapter 18, Verse 1198",01:46 - 01:53
Dnyaneshwari-54_Transcript.md,Dnyaneshwari,"Chapter 18, Verse 1199",01:53 - 02:02
Dnyaneshwari-54_Transcript.md,Dnyaneshwari,"Chapter 18, Verse 1200",01:53 - 02:09
Dnyaneshwari-54_Transcript.md,Dnyaneshwari,"Chapter 18, Verse 1201",02:09 - 02:15
Dnyaneshwari-54_Transcript.md,Dnyaneshwari,"Chapter 11, Verse 381",02:15 - 02:22
Dnyaneshwari-54_Transcript.md,Dnyaneshwari,"Chapter 18, Verse 1202",02:15 - 02:22
Dnyaneshwari-54_Transcript.md,Dnyaneshwari,"Chapter 18, Verse 1203",02:22 - 02:29
Dnyaneshwari-54_Transcript.md,Dnyaneshwari,"Chapter 18, Verse 1204",02:29 - 02:36
Dnyaneshwari-54_Transcript.md,Dnyaneshwari,"Chapter 18, Verse 1205",02:36 - 02:45
Dnyaneshwari-54_Transcript.md,Dnyaneshwari,"Chapter 11, Verse 555",05:37 - 05:43
Dnyaneshwari-54_Transcript.md,Dnyaneshwari,"Chapter 18, Verse 1195",07:13 - 07:25
Dnyaneshwari-54_Transcript.md,Dnyaneshwari,"Chapter 18, Verse 1196",07:25 - 07:30
Dnyaneshwari-54_Transcript.md,Dnyaneshwari,"Chapter 15, Verse 229",07:35 - 07:44
Dnyaneshwari-54_Transcript.md,Dnyaneshwari,"Chapter 18, Verse 1196",08:30 - 08:41
Dnyaneshwari-54_Transcript.md,Dnyaneshwari,"Chapter 8, Verse 247",10:23 - 10:33
Dnyaneshwari-54_Transcript.md,Dnyaneshwari,"Chapter 11, Verse 13",12:12 - 12:22
Dnyaneshwari-54_Transcript.md,Dnyaneshwari,"Chapter 18, Verse 482",15:51 - 15:59
Dnyaneshwari-54_Transcript.md,Dnyaneshwari,"Chapter 13, Verse 628",15:51 - 15:59
Dnyaneshwari-54_Transcript.md,Dnyaneshwari,"Chapter 2, Verse 139",19:04 - 19:10
Dnyaneshwari-54_Transcript.md,Dnyaneshwari,"Chapter 18, Verse 1197",20:25 - 20:37
Dnyaneshwari-54_Transcript.md,Dnyaneshwari,"Chapter 18, Verse 527",20:28 - 20:37
Dnyaneshwari-54_Transcript.md,Dnyaneshwari,"Chapter 18, Verse 1197",20:45 - 20:50
Dnyaneshwari-54_Transcript.md,Dnyaneshwari,"Chapter 18, Verse 360",21:15 - 21:32
Dnyaneshwari-54_Transcript.md,Dnyaneshwari,"Chapter 18, Verse 1197",21:43 - 21:47
Dnyaneshwari-54_Transcript.md,Dnyaneshwari,"Chapter 18, Verse 40",22:00 - 22:07
Dnyaneshwari-54_Transcript.md,Dnyaneshwari,"Chapter 18, Verse 1197",23:50 - 24:27
Dnyaneshwari-54_Transcript.md,Dnyaneshwari,"Chapter 18, Verse 1198",24:27 - 24:34
Dnyaneshwari-54_Transcript.md,Dnyaneshwari,"Chapter 13, Verse 608",24:48 - 24:55
Dnyaneshwari-54_Transcript.md,Dnyaneshwari,"Chapter 18, Verse 1197",26:18 - 26:27
Dnyaneshwari-54_Transcript.md,Dnyaneshwari,"Chapter 18, Verse 1198",26:27 - 26:27
Dnyaneshwari-56_Transcript.md,Dnyaneshwari,"Chapter 18, Verse 1200",01:20 - 01:27
Dnyaneshwari-56_Transcript.md,Dnyaneshwari,"Chapter 18, Verse 1201",01:27 - 01:34
Dnyaneshwari-56_Transcript.md,Dnyaneshwari,"Chapter 18, Verse 1202",01:34 - 01:40
Dnyaneshwari-56_Transcript.md,Dnyaneshwari,"Chapter 18, Verse 1203",01:40 - 01:55
Dnyaneshwari-56_Transcript.md,Dnyaneshwari,"Chapter 18, Verse 1204",01:40 - 01:55
Dnyaneshwari-56_Transcript.md,Dnyaneshwari,"Chapter 18, Verse 1205",01:55 - 02:04
Dnyaneshwari-56_Transcript.md,Dnyaneshwari,"Chapter 18, Verse 1201",18:26 - 18:35
Dnyaneshwari-56_Transcript.md,Dnyaneshwari,"Chapter 18, Verse 1201",21:58 - 22:15
Dnyaneshwari-56_Transcript.md,Dnyaneshwari,"Chapter 18, Verse 1201",23:26 - 23:40
Dnyaneshwari-56_Transcript.md,Dnyaneshwari,"Chapter 18, Verse 1201",37:39 - 37:48
Dnyaneshwari-56_Transcript.md,Dnyaneshwari,"Chapter 18, Verse 1200",38:02 - 38:11
Dnyaneshwari-56_Transcript.md,Dnyaneshwari,"Chapter 18, Verse 1200",38:20 - 38:26
Dnyaneshwari-56_Transcript.md,Dnyaneshwari,"Chapter 6, Verse 419",39:41 - 39:47
Dnyaneshwari-56_Transcript.md,Dnyaneshwari,"Chapter 2, Verse 338",40:40 - 40:50
Dnyaneshwari-56_Transcript.md,Dnyaneshwari,"Chapter 18, Verse 1786",41:37 - 41:37
Dnyaneshwari-56_Transcript.md,Dnyaneshwari,"Chapter 2, Verse 269",41:37 - 41:37
Dnyaneshwari-57_Transcript.md,Dnyaneshwari,"Chapter 18, Verse 1200",01:19 - 01:27
Dnyaneshwari-57_Transcript.md,Dnyaneshwari,"Chapter 18, Verse 1201",01:27 - 01:34
Dnyaneshwari-57_Transcript.md,Dnyaneshwari,"Chapter 18, Verse 1202",01:29 - 01:40
Dnyaneshwari-57_Transcript.md,Dnyaneshwari,"Chapter 18, Verse 1203",01:40 - 01:48
Dnyaneshwari-57_Transcript.md,Dnyaneshwari,"Chapter 18, Verse 1204",01:48 - 01:55
Dnyaneshwari-57_Transcript.md,Dnyaneshwari,"Chapter 18, Verse 1205",01:55 - 02:13
Dnyaneshwari-57_Transcript.md,Dnyaneshwari,"Chapter 18, Verse 84",01:55 - 02:19
Dnyaneshwari-57_Transcript.md,Dnyaneshwari,"Chapter 18, Verse 84",02:35 - 02:39
Dnyaneshwari-57_Transcript.md,Dnyaneshwari,"Chapter 11, Verse 13",02:35 - 02:39
Dnyaneshwari-57_Transcript.md,Dnyaneshwari,"Chapter 18, Verse 1200",09:02 - 09:27
Dnyaneshwari-57_Transcript.md,Dnyaneshwari,"Chapter 18, Verse 1006",09:50 - 10:07
Dnyaneshwari-57_Transcript.md,Dnyaneshwari,"Chapter 10, Verse 125",11:25 - 11:35
Dnyaneshwari-57_Transcript.md,Dnyaneshwari,"Chapter 10, Verse 125",11:37 - 11:44
Dnyaneshwari-57_Transcript.md,Dnyaneshwari,"Chapter 10, Verse 126",11:57 - 12:17
Dnyaneshwari-57_Transcript.md,Dnyaneshwari,"Chapter 9, Verse 202",12:17 - 12:25
Dnyaneshwari-57_Transcript.md,Dnyaneshwari,"Chapter 6, Verse 406",14:06 - 14:17
Dnyaneshwari-57_Transcript.md,Dnyaneshwari,"Chapter 18, Verse 1006",15:38 - 15:45
Dnyaneshwari-57_Transcript.md,Dnyaneshwari,"Chapter 18, Verse 1006",15:38 - 15:45
Dnyaneshwari-57_Transcript.md,Dnyaneshwari,"Chapter 18, Verse 1201",18:04 - 18:42
Dnyaneshwari-57_Transcript.md,Dnyaneshwari,"Chapter 18, Verse 1202",18:46 - 19:07
Dnyaneshwari-57_Transcript.md,Dnyaneshwari,"Chapter 18, Verse 1202",19:33 - 19:53
Dnyaneshwari-57_Transcript.md,Dnyaneshwari,"Chapter 6, Verse 98",24:24 - 24:29
Dnyaneshwari-57_Transcript.md,Dnyaneshwari,"Chapter 6, Verse 98",24:24 - 24:29
Dnyaneshwari-57_Transcript.md,Dnyaneshwari,"Chapter 6, Verse 98",24:29 - 24:45
Dnyaneshwari-57_Transcript.md,Dnyaneshwari,"Chapter 6, Verse 98",24:49 - 25:02
Dnyaneshwari-57_Transcript.md,Dnyaneshwari,"Chapter 6, Verse 98",25:53 - 26:04
Dnyaneshwari-57_Transcript.md,Dnyaneshwari,"Chapter 18, Verse 1202",27:01 - 27:21
Dnyaneshwari-57_Transcript.md,Dnyaneshwari,"Chapter 16, Verse 157",30:42 - 31:16
Dnyaneshwari-57_Transcript.md,Dnyaneshwari,"Chapter 6, Verse 98",31:16 - 31:28
Dnyaneshwari-57_Transcript.md,Dnyaneshwari,"Chapter 18, Verse 1202",32:55 - 33:06
Dnyaneshwari-57_Transcript.md,Dnyaneshwari,"Chapter 18, Verse 1203",33:06 - 33:18
Dnyaneshwari-57_Transcript.md,Dnyaneshwari,"Chapter 18, Verse 1203",33:18 - 33:46
Dnyaneshwari-57_Transcript.md,Dnyaneshwari,"Chapter 18, Verse 1203",33:46 - 34:12
Dnyaneshwari-57_Transcript.md,Dnyaneshwari,"Chapter 15, Verse 540",35:26 - 35:31
Dnyaneshwari-57_Transcript.md,Dnyaneshwari,"Chapter 15, Verse 540",35:50 - 35:57
Dnyaneshwari-57_Transcript.md,Dnyaneshwari,"Chapter 15, Verse 540",37:01 - 37:21
Dnyaneshwari-57_Transcript.md,Dnyaneshwari,"Chapter 18, Verse 818",39:31 - 39:36
Dnyaneshwari-57_Transcript.md,Dnyaneshwari,"Chapter 15, Verse 540",39:45 - 39:53
Dnyaneshwari-57_Transcript.md,Dnyaneshwari,"Chapter 18, Verse 1203",40:02 - 40:13
Dnyaneshwari-58_Transcript.md,Dnyaneshwari,"Chapter 18, Verse 1200",01:22 - 01:24
Dnyaneshwari-58_Transcript.md,Dnyaneshwari,"Chapter 18, Verse 1201",01:28 - 01:32
Dnyaneshwari-58_Transcript.md,Dnyaneshwari,"Chapter 18, Verse 1202",01:34 - 01:40
Dnyaneshwari-58_Transcript.md,Dnyaneshwari,"Chapter 18, Verse 1203",01:40 - 01:47
Dnyaneshwari-58_Transcript.md,Dnyaneshwari,"Chapter 18, Verse 1204",01:47 - 01:57
Dnyaneshwari-58_Transcript.md,Dnyaneshwari,"Chapter 18, Verse 1205",01:57 - 02:10
Dnyaneshwari-58_Transcript.md,Dnyaneshwari,"Chapter 6, Verse 98",02:24 - 02:27
Dnyaneshwari-58_Transcript.md,Dnyaneshwari,"Chapter 13, Verse 902",03:00 - 03:09
Dnyaneshwari-58_Transcript.md,Dnyaneshwari,"Chapter 13, Verse 902",03:11 - 03:18
Dnyaneshwari-58_Transcript.md,Dnyaneshwari,"Chapter 13, Verse 902",03:27 - 03:35
Dnyaneshwari-58_Transcript.md,Dnyaneshwari,"Chapter 13, Verse 902",05:20 - 05:27
Dnyaneshwari-58_Transcript.md,Dnyaneshwari,"Chapter 18, Verse 1202",05:57 - 06:03
Dnyaneshwari-58_Transcript.md,Dnyaneshwari,"Chapter 13, Verse 902",07:35 - 07:40
Dnyaneshwari-58_Transcript.md,Dnyaneshwari,"Chapter 18, Verse 1204",08:48 - 09:02
Dnyaneshwari-58_Transcript.md,Dnyaneshwari,"Chapter 13, Verse 1115",09:19 - 09:26
Dnyaneshwari-58_Transcript.md,Dnyaneshwari,"Chapter 13, Verse 1115",12:08 - 12:15
Dnyaneshwari-58_Transcript.md,Dnyaneshwari,"Chapter 18, Verse 1204",14:04 - 14:12
Dnyaneshwari-58_Transcript.md,Dnyaneshwari,"Chapter 18, Verse 1204",14:20 - 14:21
Dnyaneshwari-58_Transcript.md,Dnyaneshwari,"Chapter 18, Verse 1205",14:21 - 14:25
Dnyaneshwari-58_Transcript.md,Dnyaneshwari,"Chapter 18, Verse 1035",14:48 - 14:49
Dnyaneshwari-58_Transcript.md,Dnyaneshwari,"Chapter 18, Verse 262",15:47 - 15:52
Dnyaneshwari-58_Transcript.md,Dnyaneshwari,"Chapter 18, Verse 1205",16:26 - 16:28
Dnyaneshwari-58_Transcript.md,Dnyaneshwari,"Chapter 18, Verse 1274",18:11 - 18:26
Dnyaneshwari-58_Transcript.md,Dnyaneshwari,"Chapter 18, Verse 1274",18:28 - 18:33
Dnyaneshwari-58_Transcript.md,Dnyaneshwari,"Chapter 17, Verse 33",18:58 - 19:04
Dnyaneshwari-58_Transcript.md,Dnyaneshwari,"Chapter 5, Verse 164",18:58 - 19:04
Dnyaneshwari-58_Transcript.md,Dnyaneshwari,"Chapter 17, Verse 33",19:04 - 19:11
Dnyaneshwari-58_Transcript.md,Dnyaneshwari,"Chapter 10, Verse 319",19:04 - 19:11
Dnyaneshwari-58_Transcript.md,Dnyaneshwari,"Chapter 18, Verse 1204",19:15 - 19:23
Dnyaneshwari-58_Transcript.md,Dnyaneshwari,"Chapter 18, Verse 1205",20:04 - 20:09
Dnyaneshwari-58_Transcript.md,Dnyaneshwari,"Chapter 18, Verse 1205",21:18 - 21:27
Dnyaneshwari-58_Transcript.md,Dnyaneshwari,"Chapter 18, Verse 1205",22:46 - 22:50
Dnyaneshwari-58_Transcript.md,Dnyaneshwari,"Chapter 11, Verse 18",25:47 - 25:55
Dnyaneshwari-58_Transcript.md,Dnyaneshwari,"Chapter 13, Verse 839",25:47 - 25:55
Dnyaneshwari-58_Transcript.md,Dnyaneshwari,"Chapter 18, Verse 1205",26:11 - 26:20
Dnyaneshwari-58_Transcript.md,Dnyaneshwari,"Chapter 18, Verse 1204",26:11 - 26:20
Dnyaneshwari-58_Transcript.md,Dnyaneshwari,"Chapter 18, Verse 1206",26:20 - 26:29
Dnyaneshwari-58_Transcript.md,Dnyaneshwari,"Chapter 18, Verse 1206",27:12 - 27:16
Dnyaneshwari-58_Transcript.md,Dnyaneshwari,"Chapter 18, Verse 1205",27:37 - 27:44
Dnyaneshwari-58_Transcript.md,Dnyaneshwari,"Chapter 18, Verse 1205",28:32 - 28:37
Dnyaneshwari-58_Transcript.md,Dnyaneshwari,"Chapter 18, Verse 1206",31:36 - 31:39
Dnyaneshwari-58_Transcript.md,Dnyaneshwari,"Chapter 13, Verse 76",32:15 - 32:23
Dnyaneshwari-58_Transcript.md,Dnyaneshwari,"Chapter 18, Verse 1786",33:29 - 33:29
Dnyaneshwari-58_Transcript.md,Dnyaneshwari,"Chapter 2, Verse 269",33:29 - 33:29
Dnyaneshwari-59_Transcript.md,Dnyaneshwari,"Chapter 18, Verse 1204",01:22 - 01:29
Dnyaneshwari-59_Transcript.md,Dnyaneshwari,"Chapter 18, Verse 1205",01:29 - 01:38
Dnyaneshwari-59_Transcript.md,Dnyaneshwari,"Chapter 18, Verse 1206",01:29 - 01:44
Dnyaneshwari-59_Transcript.md,Dnyaneshwari,"Chapter 18, Verse 1207",01:38 - 01:51
Dnyaneshwari-59_Transcript.md,Dnyaneshwari,"Chapter 18, Verse 1208",01:51 - 01:56
Dnyaneshwari-59_Transcript.md,Dnyaneshwari,"Chapter 18, Verse 1209",01:59 - 02:09
Dnyaneshwari-59_Transcript.md,Dnyaneshwari,"Chapter 18, Verse 1210",02:09 - 02:21
Dnyaneshwari-59_Transcript.md,Dnyaneshwari,"Chapter 18, Verse 1204",03:01 - 03:04
Dnyaneshwari-59_Transcript.md,Dnyaneshwari,"Chapter 18, Verse 1204",03:44 - 03:51
Dnyaneshwari-59_Transcript.md,Dnyaneshwari,"Chapter 18, Verse 1207",04:09 - 04:20
Dnyaneshwari-59_Transcript.md,Dnyaneshwari,"Chapter 18, Verse 1204",06:12 - 06:17
Dnyaneshwari-59_Transcript.md,Dnyaneshwari,"Chapter 18, Verse 1204",06:50 - 06:52
Dnyaneshwari-59_Transcript.md,Dnyaneshwari,"Chapter 18, Verse 1205",06:52 - 06:58
Dnyaneshwari-59_Transcript.md,Dnyaneshwari,"Chapter 18, Verse 1207",07:11 - 07:20
Dnyaneshwari-59_Transcript.md,Dnyaneshwari,"Chapter 18, Verse 1207",07:43 - 07:53
Dnyaneshwari-59_Transcript.md,Dnyaneshwari,"Chapter 18, Verse 1208",15:30 - 15:38
Dnyaneshwari-59_Transcript.md,Dnyaneshwari,"Chapter 18, Verse 1208",15:50 - 15:58
Dnyaneshwari-59_Transcript.md,Dnyaneshwari,"Chapter 18, Verse 1208",16:31 - 16:42
Dnyaneshwari-59_Transcript.md,Dnyaneshwari,"Chapter 11, Verse 528",19:13 - 19:17
Dnyaneshwari-59_Transcript.md,Dnyaneshwari,"Chapter 11, Verse 528",19:30 - 19:45
Dnyaneshwari-59_Transcript.md,Dnyaneshwari,"Chapter 18, Verse 1208",24:40 - 24:51
Dnyaneshwari-59_Transcript.md,Dnyaneshwari,"Chapter 18, Verse 1209",25:24 - 25:36
Dnyaneshwari-59_Transcript.md,Dnyaneshwari,"Chapter 18, Verse 1556",27:09 - 27:13
Dnyaneshwari-59_Transcript.md,Dnyaneshwari,"Chapter 15, Verse 525",29:31 - 29:38
Dnyaneshwari-59_Transcript.md,Dnyaneshwari,"Chapter 8, Verse 139",36:20 - 36:29
Dnyaneshwari-59_Transcript.md,Dnyaneshwari,"Chapter 18, Verse 1209",37:03 - 37:09
Dnyaneshwari-59_Transcript.md,Dnyaneshwari,"Chapter 18, Verse 1208",39:14 - 39:25
Dnyaneshwari-59_Transcript.md,Dnyaneshwari,"Chapter 18, Verse 1204",01:22 - 01:29
Dnyaneshwari-59_Transcript.md,Dnyaneshwari,"Chapter 18, Verse 1205",01:29 - 01:38
Dnyaneshwari-59_Transcript.md,Dnyaneshwari,"Chapter 18, Verse 1206",01:29 - 01:44
Dnyaneshwari-59_Transcript.md,Dnyaneshwari,"Chapter 18, Verse 1207",01:38 - 01:51
Dnyaneshwari-59_Transcript.md,Dnyaneshwari,"Chapter 18, Verse 1208",01:51 - 01:56
Dnyaneshwari-59_Transcript.md,Dnyaneshwari,"Chapter 18, Verse 1209",01:59 - 02:09
Dnyaneshwari-59_Transcript.md,Dnyaneshwari,"Chapter 18, Verse 1210",02:09 - 02:21
Dnyaneshwari-59_Transcript.md,Dnyaneshwari,"Chapter 18, Verse 1204",03:01 - 03:04
Dnyaneshwari-59_Transcript.md,Dnyaneshwari,"Chapter 18, Verse 1204",03:44 - 03:51
Dnyaneshwari-59_Transcript.md,Dnyaneshwari,"Chapter 18, Verse 1207",04:09 - 04:20
Dnyaneshwari-59_Transcript.md,Dnyaneshwari,"Chapter 18, Verse 1204",06:12 - 06:17
Dnyaneshwari-59_Transcript.md,Dnyaneshwari,"Chapter 18, Verse 1204",06:50 - 06:52
Dnyaneshwari-59_Transcript.md,Dnyaneshwari,"Chapter 18, Verse 1205",06:52 - 06:58
Dnyaneshwari-59_Transcript.md,Dnyaneshwari,"Chapter 18, Verse 1207",07:07 - 07:20
Dnyaneshwari-59_Transcript.md,Dnyaneshwari,"Chapter 18, Verse 1207",07:43 - 07:53
Dnyaneshwari-59_Transcript.md,Dnyaneshwari,"Chapter 18, Verse 1208",15:30 - 15:38
Dnyaneshwari-59_Transcript.md,Dnyaneshwari,"Chapter 18, Verse 1208",15:50 - 15:58
Dnyaneshwari-59_Transcript.md,Dnyaneshwari,"Chapter 18, Verse 1208",16:31 - 16:42
Dnyaneshwari-59_Transcript.md,Dnyaneshwari,"Chapter 11, Verse 528",19:13 - 19:17
Dnyaneshwari-59_Transcript.md,Dnyaneshwari,"Chapter 11, Verse 528",19:30 - 19:45
Dnyaneshwari-59_Transcript.md,Dnyaneshwari,"Chapter 18, Verse 1208",24:40 - 24:51
Dnyaneshwari-59_Transcript.md,Dnyaneshwari,"Chapter 18, Verse 1209",25:24 - 25:36
Dnyaneshwari-59_Transcript.md,Dnyaneshwari,"Chapter 18, Verse 1556",27:09 - 27:13
Dnyaneshwari-59_Transcript.md,Dnyaneshwari,"Chapter 15, Verse 525",29:31 - 29:38
Dnyaneshwari-59_Transcript.md,Dnyaneshwari,"Chapter 8, Verse 139",36:20 - 36:29
Dnyaneshwari-59_Transcript.md,Dnyaneshwari,"Chapter 18, Verse 1209",37:03 - 37:09
Dnyaneshwari-59_Transcript.md,Dnyaneshwari,"Chapter 18, Verse 1208",39:14 - 39:25
Dnyaneshwari-60_Transcript.md,Dnyaneshwari,"Chapter 18, Verse 1206",01:21 - 01:27
Dnyaneshwari-60_Transcript.md,Dnyaneshwari,"Chapter 18, Verse 1207",01:27 - 01:31
Dnyaneshwari-60_Transcript.md,Dnyaneshwari,"Chapter 18, Verse 1208",01:27 - 01:41
Dnyaneshwari-60_Transcript.md,Dnyaneshwari,"Chapter 18, Verse 1209",01:41 - 01:48
Dnyaneshwari-60_Transcript.md,Dnyaneshwari,"Chapter 18, Verse 1210",01:48 - 01:54
Dnyaneshwari-60_Transcript.md,Dnyaneshwari,"Chapter 18, Verse 1211",01:54 - 02:00
Dnyaneshwari-60_Transcript.md,Dnyaneshwari,"Chapter 18, Verse 1212",02:00 - 02:08
Dnyaneshwari-60_Transcript.md,Dnyaneshwari,"Chapter 18, Verse 1213",02:08 - 02:16
Dnyaneshwari-60_Transcript.md,Dnyaneshwari,"Chapter 18, Verse 1213",02:08 - 02:16
Dnyaneshwari-60_Transcript.md,Dnyaneshwari,"Chapter 15, Verse 541",05:22 - 05:27
Dnyaneshwari-60_Transcript.md,Dnyaneshwari,"Chapter 15, Verse 541",05:45 - 05:54
Dnyaneshwari-60_Transcript.md,Dnyaneshwari,"Chapter 18, Verse 1206",06:53 - 06:56
Dnyaneshwari-60_Transcript.md,Dnyaneshwari,"Chapter 15, Verse 380",08:16 - 08:35
Dnyaneshwari-60_Transcript.md,Dnyaneshwari,"Chapter 18, Verse 1208",08:48 - 09:04
Dnyaneshwari-60_Transcript.md,Dnyaneshwari,"Chapter 18, Verse 1209",08:48 - 09:04
Dnyaneshwari-60_Transcript.md,Dnyaneshwari,"Chapter 18, Verse 1209",09:56 - 10:01
Dnyaneshwari-60_Transcript.md,Dnyaneshwari,"Chapter 18, Verse 1175",10:13 - 10:26
Dnyaneshwari-60_Transcript.md,Dnyaneshwari,"Chapter 12, Verse 32",10:48 - 10:52
Dnyaneshwari-60_Transcript.md,Dnyaneshwari,"Chapter 12, Verse 32",10:52 - 11:01
Dnyaneshwari-60_Transcript.md,Dnyaneshwari,"Chapter 12, Verse 32",11:26 - 11:40
Dnyaneshwari-60_Transcript.md,Dnyaneshwari,"Chapter 18, Verse 1209",11:44 - 11:48
Dnyaneshwari-60_Transcript.md,Dnyaneshwari,"Chapter 18, Verse 1209",11:48 - 12:03
Dnyaneshwari-60_Transcript.md,Dnyaneshwari,"Chapter 18, Verse 1210",14:19 - 14:27
Dnyaneshwari-60_Transcript.md,Dnyaneshwari,"Chapter 18, Verse 1210",14:44 - 14:57
Dnyaneshwari-60_Transcript.md,Dnyaneshwari,"Chapter 18, Verse 1211",15:30 - 15:43
Dnyaneshwari-60_Transcript.md,Dnyaneshwari,"Chapter 18, Verse 1211",15:43 - 16:00
Dnyaneshwari-60_Transcript.md,Dnyaneshwari,"Chapter 18, Verse 1212",16:17 - 16:19
Dnyaneshwari-60_Transcript.md,Dnyaneshwari,"Chapter 18, Verse 1212",16:57 - 17:01
Dnyaneshwari-60_Transcript.md,Dnyaneshwari,"Chapter 18, Verse 1212",17:27 - 17:37
Dnyaneshwari-60_Transcript.md,Dnyaneshwari,"Chapter 9, Verse 199",18:45 - 18:55
Dnyaneshwari-60_Transcript.md,Dnyaneshwari,"Chapter 9, Verse 199",18:45 - 18:55
Dnyaneshwari-60_Transcript.md,Dnyaneshwari,"Chapter 9, Verse 199",18:59 - 19:15
Dnyaneshwari-60_Transcript.md,Dnyaneshwari,"Chapter 18, Verse 1212",20:13 - 20:23
Dnyaneshwari-60_Transcript.md,Dnyaneshwari,"Chapter 18, Verse 1208",22:19 - 22:32
Dnyaneshwari-60_Transcript.md,Dnyaneshwari,"Chapter 18, Verse 1212",24:53 - 25:09
Dnyaneshwari-60_Transcript.md,Dnyaneshwari,"Chapter 18, Verse 1213",25:09 - 25:16
Dnyaneshwari-60_Transcript.md,Dnyaneshwari,"Chapter 18, Verse 1006",25:26 - 25:45
Dnyaneshwari-60_Transcript.md,Dnyaneshwari,"Chapter 18, Verse 1212",25:26 - 25:45
Dnyaneshwari-60_Transcript.md,Dnyaneshwari,"Chapter 18, Verse 1213",25:45 - 25:50
Dnyaneshwari-60_Transcript.md,Dnyaneshwari,"Chapter 5, Verse 181",26:03 - 26:10
Dnyaneshwari-60_Transcript.md,Dnyaneshwari,"Chapter 18, Verse 1006",27:05 - 27:14
Dnyaneshwari-60_Transcript.md,Dnyaneshwari,"Chapter 17, Verse 327",29:15 - 29:19
Dnyaneshwari-60_Transcript.md,Dnyaneshwari,"Chapter 17, Verse 327",29:19 - 29:24
Dnyaneshwari-60_Transcript.md,Dnyaneshwari,"Chapter 17, Verse 327",29:24 - 29:38
Dnyaneshwari-60_Transcript.md,Dnyaneshwari,"Chapter 18, Verse 1006",31:02 - 31:13
Dnyaneshwari-60_Transcript.md,Dnyaneshwari,"Chapter 18, Verse 1216",31:30 - 31:42
Dnyaneshwari-60_Transcript.md,Dnyaneshwari,"Chapter 18, Verse 1213",31:42 - 32:01
Dnyaneshwari-60_Transcript.md,Dnyaneshwari,"Chapter 18, Verse 1214",31:42 - 32:01
Dnyaneshwari-60_Transcript.md,Dnyaneshwari,"Chapter 3, Verse 41",32:31 - 32:39
Dnyaneshwari-60_Transcript.md,Dnyaneshwari,"Chapter 3, Verse 42",32:31 - 32:39
Dnyaneshwari-60_Transcript.md,Dnyaneshwari,"Chapter 18, Verse 1006",32:39 - 32:46
Dnyaneshwari-60_Transcript.md,Dnyaneshwari,"Chapter 18, Verse 1006",32:46 - 32:51
Dnyaneshwari-60_Transcript.md,Dnyaneshwari,"Chapter 18, Verse 1006",32:57 - 33:20
Dnyaneshwari-60_Transcript.md,Dnyaneshwari,"Chapter 18, Verse 1006",33:57 - 34:04
Dnyaneshwari-60_Transcript.md,Dnyaneshwari,"Chapter 18, Verse 1006",34:04 - 34:23
Dnyaneshwari-60_Transcript.md,Dnyaneshwari,"Chapter 4, Verse 119",35:02 - 35:17
Dnyaneshwari-60_Transcript.md,Dnyaneshwari,"Chapter 18, Verse 1213",35:47 - 35:58
Dnyaneshwari-60_Transcript.md,Dnyaneshwari,"Chapter 18, Verse 1213",40:13 - 40:27
Dnyaneshwari-60_Transcript.md,Dnyaneshwari,"Chapter 18, Verse 1786",40:59 - 40:59
Dnyaneshwari-61_Transcript.md,Dnyaneshwari,"Chapter 18, Verse 1213",01:21 - 01:30
Dnyaneshwari-61_Transcript.md,Dnyaneshwari,"Chapter 18, Verse 1214",01:30 - 01:39
Dnyaneshwari-61_Transcript.md,Dnyaneshwari,"Chapter 18, Verse 1215",01:39 - 01:50
Dnyaneshwari-61_Transcript.md,Dnyaneshwari,"Chapter 18, Verse 1216",01:50 - 01:57
Dnyaneshwari-61_Transcript.md,Dnyaneshwari,"Chapter 18, Verse 1217",01:57 - 02:10
Dnyaneshwari-61_Transcript.md,Dnyaneshwari,"Chapter 18, Verse 1213",04:04 - 04:07
Dnyaneshwari-61_Transcript.md,Dnyaneshwari,"Chapter 18, Verse 1214",04:13 - 04:23
Dnyaneshwari-61_Transcript.md,Dnyaneshwari,"Chapter 2, Verse 6",04:32 - 04:40
Dnyaneshwari-61_Transcript.md,Dnyaneshwari,"Chapter 18, Verse 1214",05:31 - 05:40
Dnyaneshwari-61_Transcript.md,Dnyaneshwari,"Chapter 11, Verse 336",06:05 - 06:11
Dnyaneshwari-61_Transcript.md,Dnyaneshwari,"Chapter 11, Verse 336",06:24 - 06:43
Dnyaneshwari-61_Transcript.md,Dnyaneshwari,"Chapter 12, Verse 245",07:15 - 07:39
Dnyaneshwari-61_Transcript.md,Dnyaneshwari,"Chapter 18, Verse 1567",07:58 - 08:08
Dnyaneshwari-61_Transcript.md,Dnyaneshwari,"Chapter 9, Verse 392",09:31 - 09:38
Dnyaneshwari-61_Transcript.md,Dnyaneshwari,"Chapter 16, Verse 86",09:31 - 09:38
Dnyaneshwari-61_Transcript.md,Dnyaneshwari,"Chapter 18, Verse 1213",11:17 - 11:33
Dnyaneshwari-61_Transcript.md,Dnyaneshwari,"Chapter 18, Verse 1213",11:23 - 11:33
Dnyaneshwari-61_Transcript.md,Dnyaneshwari,"Chapter 17, Verse 135",19:00 - 19:04
Dnyaneshwari-61_Transcript.md,Dnyaneshwari,"Chapter 18, Verse 1215",19:30 - 19:39
Dnyaneshwari-61_Transcript.md,Dnyaneshwari,"Chapter 18, Verse 1215",19:39 - 19:52
Dnyaneshwari-61_Transcript.md,Dnyaneshwari,"Chapter 18, Verse 1215",20:08 - 20:23
Dnyaneshwari-61_Transcript.md,Dnyaneshwari,"Chapter 11, Verse 99",20:42 - 20:50
Dnyaneshwari-61_Transcript.md,Dnyaneshwari,"Chapter 11, Verse 99",20:50 - 20:57
Dnyaneshwari-61_Transcript.md,Dnyaneshwari,"Chapter 11, Verse 99",21:42 - 21:48
Dnyaneshwari-61_Transcript.md,Dnyaneshwari,"Chapter 11, Verse 99",24:53 - 25:03
Dnyaneshwari-61_Transcript.md,Dnyaneshwari,"Chapter 11, Verse 99",24:53 - 25:14
Dnyaneshwari-61_Transcript.md,Dnyaneshwari,"Chapter 2, Verse 281",25:39 - 25:48
Dnyaneshwari-61_Transcript.md,Dnyaneshwari,"Chapter 7, Verse 52",27:02 - 27:08
Dnyaneshwari-61_Transcript.md,Dnyaneshwari,"Chapter 13, Verse 451",27:02 - 27:08
Dnyaneshwari-61_Transcript.md,Dnyaneshwari,"Chapter 18, Verse 1786",31:09 - 31:09
Dnyaneshwari-61_Transcript.md,Dnyaneshwari,"Chapter 2, Verse 269",31:09 - 31:09
Dnyaneshwari-63_Transcript.md,Dnyaneshwari,"Chapter 18, Verse 1213",00:08 - 00:16
Dnyaneshwari-63_Transcript.md,Dnyaneshwari,"Chapter 18, Verse 1214",00:16 - 00:20
Dnyaneshwari-63_Transcript.md,Dnyaneshwari,"Chapter 18, Verse 1215",00:24 - 00:28
Dnyaneshwari-63_Transcript.md,Dnyaneshwari,"Chapter 18, Verse 1216",00:36 - 00:42
Dnyaneshwari-63_Transcript.md,Dnyaneshwari,"Chapter 18, Verse 1217",00:45 - 00:51
Dnyaneshwari-63_Transcript.md,Dnyaneshwari,"Chapter 18, Verse 1218",00:51 - 01:03
Dnyaneshwari-63_Transcript.md,Dnyaneshwari,"Chapter 18, Verse 1082",03:01 - 03:06
Dnyaneshwari-63_Transcript.md,Dnyaneshwari,"Chapter 18, Verse 1210",03:58 - 04:02
Dnyaneshwari-63_Transcript.md,Dnyaneshwari,"Chapter 18, Verse 1211",04:08 - 04:10
Dnyaneshwari-63_Transcript.md,Dnyaneshwari,"Chapter 18, Verse 1215",04:34 - 04:41
Dnyaneshwari-63_Transcript.md,Dnyaneshwari,"Chapter 18, Verse 1214",04:45 - 04:48
Dnyaneshwari-63_Transcript.md,Dnyaneshwari,"Chapter 18, Verse 1214",09:21 - 09:23
Dnyaneshwari-63_Transcript.md,Dnyaneshwari,"Chapter 13, Verse 80",11:51 - 11:53
Dnyaneshwari-63_Transcript.md,Dnyaneshwari,"Chapter 12, Verse 218",14:10 - 14:12
Dnyaneshwari-63_Transcript.md,Dnyaneshwari,"Chapter 12, Verse 218",14:25 - 14:29
Dnyaneshwari-63_Transcript.md,Dnyaneshwari,"Chapter 11, Verse 99",14:37 - 14:44
Dnyaneshwari-63_Transcript.md,Dnyaneshwari,"Chapter 11, Verse 99",14:44 - 14:48
Dnyaneshwari-63_Transcript.md,Dnyaneshwari,"Chapter 11, Verse 99",14:50 - 14:52
Dnyaneshwari-63_Transcript.md,Dnyaneshwari,"Chapter 18, Verse 1215",15:23 - 15:25
Dnyaneshwari-63_Transcript.md,Dnyaneshwari,"Chapter 6, Verse 115",16:11 - 16:18
Dnyaneshwari-63_Transcript.md,Dnyaneshwari,"Chapter 6, Verse 115",16:22 - 16:31
Dnyaneshwari-63_Transcript.md,Dnyaneshwari,"Chapter 18, Verse 1215",18:01 - 18:03
Dnyaneshwari-63_Transcript.md,Dnyaneshwari,"Chapter 12, Verse 218",19:05 - 19:08
Dnyaneshwari-63_Transcript.md,Dnyaneshwari,"Chapter 6, Verse 115",20:11 - 20:18
Dnyaneshwari-63_Transcript.md,Dnyaneshwari,"Chapter 6, Verse 115",20:22 - 20:31
Dnyaneshwari-63_Transcript.md,Dnyaneshwari,"Chapter 18, Verse 1215",22:01 - 22:03
Dnyaneshwari-63_Transcript.md,Dnyaneshwari,"Chapter 12, Verse 218",23:05 - 23:08
Dnyaneshwari-63_Transcript.md,Dnyaneshwari,"Chapter 6, Verse 115",24:11 - 24:18
Dnyaneshwari-63_Transcript.md,Dnyaneshwari,"Chapter 6, Verse 115",24:22 - 24:31
Dnyaneshwari-63_Transcript.md,Dnyaneshwari,"Chapter 18, Verse 1215",26:01 - 26:03
Dnyaneshwari-63_Transcript.md,Dnyaneshwari,"Chapter 12, Verse 218",27:05 - 27:08
Dnyaneshwari-63_Transcript.md,Dnyaneshwari,"Chapter 6, Verse 115",28:11 - 28:18
Dnyaneshwari-63_Transcript.md,Dnyaneshwari,"Chapter 6, Verse 115",28:22 - 28:31
Dnyaneshwari-63_Transcript.md,Dnyaneshwari,"Chapter 18, Verse 1215",30:01 - 30:03
Dnyaneshwari-63_Transcript.md,Dnyaneshwari,"Chapter 12, Verse 218",31:05 - 31:08
Dnyaneshwari-63_Transcript.md,Dnyaneshwari,"Chapter 6, Verse 115",32:11 - 32:18
Dnyaneshwari-63_Transcript.md,Dnyaneshwari,"Chapter 6, Verse 115",32:22 - 32:31
Dnyaneshwari-63_Transcript.md,Dnyaneshwari,"Chapter 18, Verse 1215",34:01 - 34:03
Dnyaneshwari-63_Transcript.md,Dnyaneshwari,"Chapter 12, Verse 218",35:05 - 35:08
Dnyaneshwari-63_Transcript.md,Dnyaneshwari,"Chapter 6, Verse 115",36:11 - 36:18
Dnyaneshwari-63_Transcript.md,Dnyaneshwari,"Chapter 6, Verse 115",36:22 - 36:31
Dnyaneshwari-63_Transcript.md,Dnyaneshwari,"Chapter 18, Verse 1215",38:01 - 38:03
Dnyaneshwari-63_Transcript.md,Dnyaneshwari,"Chapter 12, Verse 218",39:05 - 39:08
Dnyaneshwari-63_Transcript.md,Dnyaneshwari,"Chapter 18, Verse 1215",39:58 - 40:01
Dnyaneshwari-63_Transcript.md,Dnyaneshwari,"Chapter 18, Verse 1216",40:06 - 40:13
Dnyaneshwari-63_Transcript.md,Dnyaneshwari,"Chapter 18, Verse 1216",40:51 - 04:53
Dnyaneshwari-63_Transcript.md,Dnyaneshwari,"Chapter 18, Verse 1216",06:43 - 06:48
Dnyaneshwari-63_Transcript.md,Dnyaneshwari,"Chapter 18, Verse 1006",07:45 - 07:51
Dnyaneshwari-63_Transcript.md,Dnyaneshwari,"Chapter 15, Verse 468",09:01 - 09:05
Dnyaneshwari-63_Transcript.md,Dnyaneshwari,"Chapter 18, Verse 1216",09:17 - 09:20
Dnyaneshwari-63_Transcript.md,Dnyaneshwari,"Chapter 18, Verse 1216",11:51 - 11:56
Dnyaneshwari-63_Transcript.md,Dnyaneshwari,"Chapter 18, Verse 1217",12:19 - 12:24
Dnyaneshwari-64_Transcript.md,Dnyaneshwari,"Chapter 18, Verse 1214",00:06 - 00:25
Dnyaneshwari-64_Transcript.md,Dnyaneshwari,"Chapter 18, Verse 1215",00:11 - 00:25
Dnyaneshwari-64_Transcript.md,Dnyaneshwari,"Chapter 18, Verse 1216",00:25 - 00:33
Dnyaneshwari-64_Transcript.md,Dnyaneshwari,"Chapter 18, Verse 1217",00:33 - 00:48
Dnyaneshwari-64_Transcript.md,Dnyaneshwari,"Chapter 18, Verse 1219",00:48 - 00:56
Dnyaneshwari-64_Transcript.md,Dnyaneshwari,"Chapter 18, Verse 1220",00:56 - 01:05
Dnyaneshwari-64_Transcript.md,Dnyaneshwari,"Chapter 13, Verse 805",00:56 - 01:05
Dnyaneshwari-64_Transcript.md,Dnyaneshwari,"Chapter 18, Verse 1216",01:05 - 01:11
Dnyaneshwari-64_Transcript.md,Dnyaneshwari,"Chapter 18, Verse 1216",01:37 - 01:44
Dnyaneshwari-64_Transcript.md,Dnyaneshwari,"Chapter 18, Verse 1215",01:59 - 02:09
Dnyaneshwari-64_Transcript.md,Dnyaneshwari,"Chapter 18, Verse 1216",06:54 - 07:03
Dnyaneshwari-64_Transcript.md,Dnyaneshwari,"Chapter 18, Verse 1216",08:47 - 08:55
Dnyaneshwari-64_Transcript.md,Dnyaneshwari,"Chapter 13, Verse 315",10:13 - 10:18
Dnyaneshwari-64_Transcript.md,Dnyaneshwari,"Chapter 9, Verse 313",12:31 - 12:34
Dnyaneshwari-64_Transcript.md,Dnyaneshwari,"Chapter 18, Verse 1216",13:37 - 13:41
Dnyaneshwari-64_Transcript.md,Dnyaneshwari,"Chapter 18, Verse 1216",14:45 - 14:49
Dnyaneshwari-64_Transcript.md,Dnyaneshwari,"Chapter 18, Verse 1215",15:04 - 15:11
Dnyaneshwari-64_Transcript.md,Dnyaneshwari,"Chapter 11, Verse 555",18:43 - 18:49
Dnyaneshwari-64_Transcript.md,Dnyaneshwari,"Chapter 18, Verse 1006",19:52 - 19:58
Dnyaneshwari-64_Transcript.md,Dnyaneshwari,"Chapter 18, Verse 1216",21:58 - 22:04
Dnyaneshwari-64_Transcript.md,Dnyaneshwari,"Chapter 18, Verse 1217",22:04 - 22:08
Dnyaneshwari-64_Transcript.md,Dnyaneshwari,"Chapter 18, Verse 1217",22:53 - 23:00
Dnyaneshwari-64_Transcript.md,Dnyaneshwari,"Chapter 6, Verse 423",29:43 - 29:51
Dnyaneshwari-64_Transcript.md,Dnyaneshwari,"Chapter 11, Verse 698",31:38 - 31:40
Dnyaneshwari-64_Transcript.md,Dnyaneshwari,"Chapter 17, Verse 429",32:30 - 32:39
Dnyaneshwari-64_Transcript.md,Dnyaneshwari,"Chapter 16, Verse 198",33:24 - 33:33
Dnyaneshwari-64_Transcript.md,Dnyaneshwari,"Chapter 16, Verse 198",36:51 - 36:55
Dnyaneshwari-64_Transcript.md,Dnyaneshwari,"Chapter 18, Verse 1216",39:11 - 39:15
Dnyaneshwari-64_Transcript.md,Dnyaneshwari,"Chapter 18, Verse 1217",39:20 - 39:27
Dnyaneshwari-65_Transcript.md,Dnyaneshwari,"Chapter 18, Verse 1216",00:06 - 00:15
Dnyaneshwari-65_Transcript.md,Dnyaneshwari,"Chapter 18, Verse 1217",00:15 - 00:30
Dnyaneshwari-65_Transcript.md,Dnyaneshwari,"Chapter 18, Verse 1218",00:22 - 00:30
Dnyaneshwari-65_Transcript.md,Dnyaneshwari,"Chapter 18, Verse 1219",00:22 - 00:38
Dnyaneshwari-65_Transcript.md,Dnyaneshwari,"Chapter 18, Verse 1220",00:38 - 00:45
Dnyaneshwari-65_Transcript.md,Dnyaneshwari,"Chapter 13, Verse 805",00:38 - 00:45
Dnyaneshwari-65_Transcript.md,Dnyaneshwari,"Chapter 18, Verse 1221",00:45 - 00:53
Dnyaneshwari-65_Transcript.md,Dnyaneshwari,"Chapter 18, Verse 1216",01:24 - 01:27
Dnyaneshwari-65_Transcript.md,Dnyaneshwari,"Chapter 18, Verse 1217",01:32 - 01:41
Dnyaneshwari-65_Transcript.md,Dnyaneshwari,"Chapter 18, Verse 1175",03:36 - 03:41
Dnyaneshwari-65_Transcript.md,Dnyaneshwari,"Chapter 18, Verse 190",04:44 - 04:50
Dnyaneshwari-65_Transcript.md,Dnyaneshwari,"Chapter 12, Verse 85",04:52 - 04:55
Dnyaneshwari-65_Transcript.md,Dnyaneshwari,"Chapter 18, Verse 190",05:00 - 05:03
Dnyaneshwari-65_Transcript.md,Dnyaneshwari,"Chapter 12, Verse 233",05:27 - 05:34
Dnyaneshwari-65_Transcript.md,Dnyaneshwari,"Chapter 12, Verse 233",05:38 - 05:45
Dnyaneshwari-65_Transcript.md,Dnyaneshwari,"Chapter 18, Verse 1218",07:09 - 07:17
Dnyaneshwari-65_Transcript.md,Dnyaneshwari,"Chapter 10, Verse 60",08:16 - 08:23
Dnyaneshwari-65_Transcript.md,Dnyaneshwari,"Chapter 18, Verse 1218",08:41 - 08:43
Dnyaneshwari-65_Transcript.md,Dnyaneshwari,"Chapter 18, Verse 1218",10:05 - 10:08
Dnyaneshwari-65_Transcript.md,Dnyaneshwari,"Chapter 18, Verse 1218",10:34 - 10:37
Dnyaneshwari-65_Transcript.md,Dnyaneshwari,"Chapter 18, Verse 1218",10:37 - 10:43
Dnyaneshwari-65_Transcript.md,Dnyaneshwari,"Chapter 18, Verse 1218",11:39 - 11:44
Dnyaneshwari-65_Transcript.md,Dnyaneshwari,"Chapter 4, Verse 22",12:11 - 12:16
Dnyaneshwari-65_Transcript.md,Dnyaneshwari,"Chapter 4, Verse 22",12:32 - 12:44
Dnyaneshwari-65_Transcript.md,Dnyaneshwari,"Chapter 15, Verse 439",12:53 - 13:01
Dnyaneshwari-65_Transcript.md,Dnyaneshwari,"Chapter 18, Verse 1218",13:06 - 13:09
Dnyaneshwari-65_Transcript.md,Dnyaneshwari,"Chapter 18, Verse 1218",13:09 - 13:13
Dnyaneshwari-65_Transcript.md,Dnyaneshwari,"Chapter 18, Verse 1219",13:13 - 13:29
Dnyaneshwari-65_Transcript.md,Dnyaneshwari,"Chapter 17, Verse 27",14:03 - 14:11
Dnyaneshwari-65_Transcript.md,Dnyaneshwari,"Chapter 18, Verse 1219",14:29 - 14:35
Dnyaneshwari-65_Transcript.md,Dnyaneshwari,"Chapter 18, Verse 1219",15:19 - 15:27
Dnyaneshwari-65_Transcript.md,Dnyaneshwari,"Chapter 14, Verse 376",15:19 - 15:25
Dnyaneshwari-65_Transcript.md,Dnyaneshwari,"Chapter 18, Verse 1219",16:51 - 17:07
Dnyaneshwari-65_Transcript.md,Dnyaneshwari,"Chapter 18, Verse 1493",17:36 - 17:40
Dnyaneshwari-65_Transcript.md,Dnyaneshwari,"Chapter 18, Verse 1219",17:44 - 17:51
Dnyaneshwari-65_Transcript.md,Dnyaneshwari,"Chapter 18, Verse 1219",06:26 - 06:37
Dnyaneshwari-65_Transcript.md,Dnyaneshwari,"Chapter 18, Verse 1219",07:19 - 07:32
Dnyaneshwari-65_Transcript.md,Dnyaneshwari,"Chapter 18, Verse 1219",09:49 - 09:56
Dnyaneshwari-65_Transcript.md,Dnyaneshwari,"Chapter 18, Verse 1219",10:21 - 10:31
Dnyaneshwari-65_Transcript.md,Dnyaneshwari,"Chapter 15, Verse 419",11:35 - 11:44
Dnyaneshwari-65_Transcript.md,Dnyaneshwari,"Chapter 15, Verse 419",11:44 - 11:50
Dnyaneshwari-65_Transcript.md,Dnyaneshwari,"Chapter 15, Verse 419",11:44 - 11:50
Dnyaneshwari-65_Transcript.md,Dnyaneshwari,"Chapter 15, Verse 419",12:07 - 12:20
Dnyaneshwari-65_Transcript.md,Dnyaneshwari,"Chapter 18, Verse 1219",16:04 - 16:10
Dnyaneshwari-65_Transcript.md,Dnyaneshwari,"Chapter 14, Verse 376",16:10 - 16:16
Dnyaneshwari-65_Transcript.md,Dnyaneshwari,"Chapter 18, Verse 1220",16:37 - 16:43
Dnyaneshwari-65_Transcript.md,Dnyaneshwari,"Chapter 13, Verse 805",16:37 - 16:43
Dnyaneshwari-65_Transcript.md,Dnyaneshwari,"Chapter 18, Verse 1221",17:15 - 17:20
Dnyaneshwari-65_Transcript.md,Dnyaneshwari,"Chapter 13, Verse 880",18:45 - 18:49
Dnyaneshwari-65_Transcript.md,Dnyaneshwari,"Chapter 7, Verse 156",19:05 - 19:11
Dnyaneshwari-65_Transcript.md,Dnyaneshwari,"Chapter 18, Verse 1220",00:57 - 01:02
Dnyaneshwari-65_Transcript.md,Dnyaneshwari,"Chapter 9, Verse 479",00:57 - 01:02
Dnyaneshwari-65_Transcript.md,Dnyaneshwari,"Chapter 18, Verse 1220",01:02 - 01:07
Dnyaneshwari-65_Transcript.md,Dnyaneshwari,"Chapter 13, Verse 805",01:02 - 01:07
Dnyaneshwari-65_Transcript.md,Dnyaneshwari,"Chapter 18, Verse 1217",01:22 - 01:28
Dnyaneshwari-65_Transcript.md,Dnyaneshwari,"Chapter 18, Verse 1216",01:30 - 01:36
Dnyaneshwari-66_Transcript.md,Dnyaneshwari,"Chapter 18, Verse 1219",00:04 - 00:06
Dnyaneshwari-66_Transcript.md,Dnyaneshwari,"Chapter 15, Verse 563",00:06 - 00:11
Dnyaneshwari-66_Transcript.md,Dnyaneshwari,"Chapter 18, Verse 1220",00:06 - 00:11
Dnyaneshwari-66_Transcript.md,Dnyaneshwari,"Chapter 15, Verse 563",00:11 - 00:18
Dnyaneshwari-66_Transcript.md,Dnyaneshwari,"Chapter 18, Verse 1220",00:11 - 00:18
Dnyaneshwari-66_Transcript.md,Dnyaneshwari,"Chapter 18, Verse 1221",00:18 - 00:26
Dnyaneshwari-66_Transcript.md,Dnyaneshwari,"Chapter 18, Verse 1222",00:26 - 00:32
Dnyaneshwari-66_Transcript.md,Dnyaneshwari,"Chapter 18, Verse 1223",00:32 - 00:39
Dnyaneshwari-66_Transcript.md,Dnyaneshwari,"Chapter 18, Verse 1224",00:39 - 00:50
Dnyaneshwari-66_Transcript.md,Dnyaneshwari,"Chapter 18, Verse 1175",01:26 - 01:30
Dnyaneshwari-66_Transcript.md,Dnyaneshwari,"Chapter 18, Verse 1006",01:40 - 01:44
Dnyaneshwari-66_Transcript.md,Dnyaneshwari,"Chapter 10, Verse 34",01:52 - 02:07
Dnyaneshwari-66_Transcript.md,Dnyaneshwari,"Chapter 18, Verse 1219",02:15 - 02:22
Dnyaneshwari-66_Transcript.md,Dnyaneshwari,"Chapter 15, Verse 561",02:37 - 02:45
Dnyaneshwari-66_Transcript.md,Dnyaneshwari,"Chapter 18, Verse 1219",03:37 - 03:44
Dnyaneshwari-66_Transcript.md,Dnyaneshwari,"Chapter 18, Verse 1219",04:58 - 05:03
Dnyaneshwari-66_Transcript.md,Dnyaneshwari,"Chapter 2, Verse 157",05:11 - 05:22
Dnyaneshwari-66_Transcript.md,Dnyaneshwari,"Chapter 2, Verse 156",06:01 - 06:08
Dnyaneshwari-66_Transcript.md,Dnyaneshwari,"Chapter 18, Verse 1220",06:15 - 06:21
Dnyaneshwari-66_Transcript.md,Dnyaneshwari,"Chapter 15, Verse 563",06:21 - 06:35
Dnyaneshwari-66_Transcript.md,Dnyaneshwari,"Chapter 18, Verse 1220",06:21 - 06:35
Dnyaneshwari-66_Transcript.md,Dnyaneshwari,"Chapter 18, Verse 1220",07:15 - 07:29
Dnyaneshwari-66_Transcript.md,Dnyaneshwari,"Chapter 18, Verse 1221",07:29 - 07:37
Dnyaneshwari-66_Transcript.md,Dnyaneshwari,"Chapter 18, Verse 704",08:09 - 08:15
Dnyaneshwari-66_Transcript.md,Dnyaneshwari,"Chapter 18, Verse 1221",08:33 - 08:39
Dnyaneshwari-66_Transcript.md,Dnyaneshwari,"Chapter 18, Verse 1221",08:42 - 08:49
Dnyaneshwari-66_Transcript.md,Dnyaneshwari,"Chapter 8, Verse 59",09:17 - 09:20
Dnyaneshwari-66_Transcript.md,Dnyaneshwari,"Chapter 8, Verse 59",09:22 - 09:29
Dnyaneshwari-66_Transcript.md,Dnyaneshwari,"Chapter 18, Verse 1221",10:05 - 10:08
Dnyaneshwari-66_Transcript.md,Dnyaneshwari,"Chapter 18, Verse 1221",11:48 - 11:56
Dnyaneshwari-66_Transcript.md,Dnyaneshwari,"Chapter 18, Verse 1796",02:12 - 02:23
Dnyaneshwari-66_Transcript.md,Dnyaneshwari,"Chapter 1, Verse 1",02:23 - 02:26
Dnyaneshwari-66_Transcript.md,Dnyaneshwari,"Chapter 1, Verse 1",04:13 - 04:20
Dnyaneshwari-66_Transcript.md,Dnyaneshwari,"Chapter 11, Verse 265",04:52 - 04:58
Dnyaneshwari-66_Transcript.md,Dnyaneshwari,"Chapter 18, Verse 1221",04:58 - 05:09
Dnyaneshwari-66_Transcript.md,Dnyaneshwari,"Chapter 18, Verse 1221",05:20 - 05:29
Dnyaneshwari-66_Transcript.md,Dnyaneshwari,"Chapter 18, Verse 1006",05:47 - 05:53
Dnyaneshwari-66_Transcript.md,Dnyaneshwari,"Chapter 2, Verse 157",10:07 - 10:16
Dnyaneshwari-66_Transcript.md,Dnyaneshwari,"Chapter 15, Verse 543",10:16 - 10:29
Dnyaneshwari-66_Transcript.md,Dnyaneshwari,"Chapter 6, Verse 423",10:55 - 11:00
Dnyaneshwari-66_Transcript.md,Dnyaneshwari,"Chapter 9, Verse 60",11:00 - 11:04
Dnyaneshwari-66_Transcript.md,Dnyaneshwari,"Chapter 12, Verse 245",04:16 - 04:31
Dnyaneshwari-66_Transcript.md,Dnyaneshwari,"Chapter 9, Verse 60",04:37 - 04:43
Dnyaneshwari-66_Transcript.md,Dnyaneshwari,"Chapter 18, Verse 1221",04:43 - 04:50
Dnyaneshwari-66_Transcript.md,Dnyaneshwari,"Chapter 18, Verse 1221",04:59 - 05:06
Dnyaneshwari-66_Transcript.md,Dnyaneshwari,"Chapter 18, Verse 1222",05:06 - 05:12
Dnyaneshwari-66_Transcript.md,Dnyaneshwari,"Chapter 18, Verse 1222",05:15 - 05:25
Dnyaneshwari-66_Transcript.md,Dnyaneshwari,"Chapter 18, Verse 1222",05:25 - 05:34
Dnyaneshwari-66_Transcript.md,Dnyaneshwari,"Chapter 18, Verse 704",07:36 - 07:41
Dnyaneshwari-66_Transcript.md,Dnyaneshwari,"Chapter 5, Verse 86",07:56 - 08:04
Dnyaneshwari-66_Transcript.md,Dnyaneshwari,"Chapter 10, Verse 118",08:13 - 08:21
Dnyaneshwari-66_Transcript.md,Dnyaneshwari,"Chapter 5, Verse 86",08:39 - 08:49
Dnyaneshwari-66_Transcript.md,Dnyaneshwari,"Chapter 18, Verse 1006",10:25 - 10:28
Dnyaneshwari-66_Transcript.md,Dnyaneshwari,"Chapter 12, Verse 222",02:08 - 02:15
Dnyaneshwari-66_Transcript.md,Dnyaneshwari,"Chapter 9, Verse 60",02:33 - 02:37
Dnyaneshwari-66_Transcript.md,Dnyaneshwari,"Chapter 2, Verse 340",03:04 - 03:09
Dnyaneshwari-66_Transcript.md,Dnyaneshwari,"Chapter 18, Verse 1006",05:14 - 05:25
Dnyaneshwari-66_Transcript.md,Dnyaneshwari,"Chapter 18, Verse 1221",05:14 - 05:25
Dnyaneshwari-66_Transcript.md,Dnyaneshwari,"Chapter 18, Verse 1222",05:27 - 05:32
Dnyaneshwari-66_Transcript.md,Dnyaneshwari,"Chapter 18, Verse 1222",07:26 - 07:30
Dnyaneshwari-66_Transcript.md,Dnyaneshwari,"Chapter 3, Verse 224",07:55 - 08:03
Dnyaneshwari-66_Transcript.md,Dnyaneshwari,"Chapter 18, Verse 1222",08:50 - 08:55
Dnyaneshwari-66_Transcript.md,Dnyaneshwari,"Chapter 18, Verse 1223",09:02 - 09:10
Dnyaneshwari-67_Transcript.md,Dnyaneshwari,"Chapter 18, Verse 1219",00:01 - 00:10
Dnyaneshwari-67_Transcript.md,Dnyaneshwari,"Chapter 18, Verse 1220",00:10 - 00:17
Dnyaneshwari-67_Transcript.md,Dnyaneshwari,"Chapter 13, Verse 805",00:10 - 00:17
Dnyaneshwari-67_Transcript.md,Dnyaneshwari,"Chapter 18, Verse 1221",00:17 - 00:24
Dnyaneshwari-67_Transcript.md,Dnyaneshwari,"Chapter 18, Verse 1222",00:24 - 00:30
Dnyaneshwari-67_Transcript.md,Dnyaneshwari,"Chapter 18, Verse 1223",00:30 - 00:37
Dnyaneshwari-67_Transcript.md,Dnyaneshwari,"Chapter 7, Verse 102",00:30 - 00:37
Dnyaneshwari-67_Transcript.md,Dnyaneshwari,"Chapter 18, Verse 1224",00:37 - 00:44
Dnyaneshwari-67_Transcript.md,Dnyaneshwari,"Chapter 18, Verse 1225",00:44 - 00:53
Dnyaneshwari-67_Transcript.md,Dnyaneshwari,"Chapter 18, Verse 1219",00:53 - 01:06
Dnyaneshwari-67_Transcript.md,Dnyaneshwari,"Chapter 12, Verse 245",02:06 - 02:09
Dnyaneshwari-67_Transcript.md,Dnyaneshwari,"Chapter 2, Verse 369",02:55 - 03:00
Dnyaneshwari-67_Transcript.md,Dnyaneshwari,"Chapter 1, Verse 72",03:04 - 03:13
Dnyaneshwari-67_Transcript.md,Dnyaneshwari,"Chapter 18, Verse 1219",04:10 - 04:20
Dnyaneshwari-67_Transcript.md,Dnyaneshwari,"Chapter 18, Verse 1219",07:08 - 07:19
Dnyaneshwari-67_Transcript.md,Dnyaneshwari,"Chapter 18, Verse 1219",07:39 - 07:50
Dnyaneshwari-67_Transcript.md,Dnyaneshwari,"Chapter 18, Verse 1221",08:23 - 08:31
Dnyaneshwari-67_Transcript.md,Dnyaneshwari,"Chapter 13, Verse 854",08:48 - 09:00
Dnyaneshwari-67_Transcript.md,Dnyaneshwari,"Chapter 13, Verse 854",08:48 - 09:00
Dnyaneshwari-67_Transcript.md,Dnyaneshwari,"Chapter 18, Verse 1221",09:05 - 09:19
Dnyaneshwari-67_Transcript.md,Dnyaneshwari,"Chapter 13, Verse 854",09:05 - 09:19
Dnyaneshwari-67_Transcript.md,Dnyaneshwari,"Chapter 18, Verse 1221",09:29 - 09:41
Dnyaneshwari-67_Transcript.md,Dnyaneshwari,"Chapter 18, Verse 1006",10:08 - 10:15
Dnyaneshwari-67_Transcript.md,Dnyaneshwari,"Chapter 18, Verse 1220",10:42 - 10:53
Dnyaneshwari-67_Transcript.md,Dnyaneshwari,"Chapter 18, Verse 1222",11:29 - 11:33
Dnyaneshwari-67_Transcript.md,Dnyaneshwari,"Chapter 18, Verse 1478",12:07 - 12:09
Dnyaneshwari-67_Transcript.md,Dnyaneshwari,"Chapter 18, Verse 1478",12:23 - 12:30
Dnyaneshwari-67_Transcript.md,Dnyaneshwari,"Chapter 18, Verse 1478",12:30 - 12:35
Dnyaneshwari-67_Transcript.md,Dnyaneshwari,"Chapter 9, Verse 49",14:49 - 14:54
Dnyaneshwari-67_Transcript.md,Dnyaneshwari,"Chapter 18, Verse 1478",15:06 - 15:08
Dnyaneshwari-67_Transcript.md,Dnyaneshwari,"Chapter 18, Verse 1222",19:53 - 20:04
Dnyaneshwari-67_Transcript.md,Dnyaneshwari,"Chapter 18, Verse 1221",20:30 - 20:46
Dnyaneshwari-67_Transcript.md,Dnyaneshwari,"Chapter 18, Verse 1222",20:46 - 20:53
Dnyaneshwari-67_Transcript.md,Dnyaneshwari,"Chapter 18, Verse 1223",20:53 - 21:00
Dnyaneshwari-67_Transcript.md,Dnyaneshwari,"Chapter 7, Verse 102",20:53 - 21:00
Dnyaneshwari-67_Transcript.md,Dnyaneshwari,"Chapter 18, Verse 1221",22:18 - 22:22
Dnyaneshwari-67_Transcript.md,Dnyaneshwari,"Chapter 18, Verse 1221",22:26 - 22:30
Dnyaneshwari-67_Transcript.md,Dnyaneshwari,"Chapter 18, Verse 1221",22:30 - 22:35
Dnyaneshwari-67_Transcript.md,Dnyaneshwari,"Chapter 18, Verse 1221",24:44 - 24:54
Dnyaneshwari-67_Transcript.md,Dnyaneshwari,"Chapter 18, Verse 1221",25:10 - 25:16
Dnyaneshwari-67_Transcript.md,Dnyaneshwari,"Chapter 13, Verse 854",26:18 - 26:31
Dnyaneshwari-67_Transcript.md,Dnyaneshwari,"Chapter 13, Verse 854",26:31 - 26:34
Dnyaneshwari-68_Transcript.md,Dnyaneshwari,"Chapter 18, Verse 1219",00:09 - 00:12
Dnyaneshwari-68_Transcript.md,Dnyaneshwari,"Chapter 18, Verse 1219",00:09 - 00:12
Dnyaneshwari-68_Transcript.md,Dnyaneshwari,"Chapter 18, Verse 1220",00:19 - 00:24
Dnyaneshwari-68_Transcript.md,Dnyaneshwari,"Chapter 13, Verse 805",00:19 - 00:24
Dnyaneshwari-68_Transcript.md,Dnyaneshwari,"Chapter 18, Verse 1221",00:27 - 00:34
Dnyaneshwari-68_Transcript.md,Dnyaneshwari,"Chapter 18, Verse 1222",00:34 - 00:40
Dnyaneshwari-68_Transcript.md,Dnyaneshwari,"Chapter 18, Verse 1223",00:40 - 00:40
Dnyaneshwari-70_Transcript.md,Dnyaneshwari,"Chapter 18, Verse 1227",00:03 - 00:25
Dnyaneshwari-70_Transcript.md,Dnyaneshwari,"Chapter 18, Verse 1228",00:03 - 00:25
Dnyaneshwari-70_Transcript.md,Dnyaneshwari,"Chapter 18, Verse 1230",00:25 - 00:32
Dnyaneshwari-70_Transcript.md,Dnyaneshwari,"Chapter 18, Verse 1231",00:32 - 00:39
Dnyaneshwari-70_Transcript.md,Dnyaneshwari,"Chapter 18, Verse 1232",00:32 - 00:48
Dnyaneshwari-70_Transcript.md,Dnyaneshwari,"Chapter 18, Verse 1233",00:50 - 00:58
Dnyaneshwari-70_Transcript.md,Dnyaneshwari,"Chapter 18, Verse 1228",01:01 - 01:10
Dnyaneshwari-70_Transcript.md,Dnyaneshwari,"Chapter 18, Verse 1230",01:31 - 01:36
Dnyaneshwari-70_Transcript.md,Dnyaneshwari,"Chapter 15, Verse 457",03:00 - 03:10
Dnyaneshwari-70_Transcript.md,Dnyaneshwari,"Chapter 4, Verse 41",03:03 - 03:10
Dnyaneshwari-70_Transcript.md,Dnyaneshwari,"Chapter 5, Verse 70",03:03 - 03:10
Dnyaneshwari-70_Transcript.md,Dnyaneshwari,"Chapter 18, Verse 1230",06:03 - 06:12
Dnyaneshwari-70_Transcript.md,Dnyaneshwari,"Chapter 18, Verse 1231",06:12 - 06:21
Dnyaneshwari-70_Transcript.md,Dnyaneshwari,"Chapter 13, Verse 651",06:50 - 06:54
Dnyaneshwari-70_Transcript.md,Dnyaneshwari,"Chapter 13, Verse 1",09:06 - 09:11
Dnyaneshwari-70_Transcript.md,Dnyaneshwari,"Chapter 13, Verse 1",09:06 - 09:11
Dnyaneshwari-70_Transcript.md,Dnyaneshwari,"Chapter 13, Verse 1",09:11 - 09:15
Dnyaneshwari-70_Transcript.md,Dnyaneshwari,"Chapter 13, Verse 1",09:11 - 09:15
Dnyaneshwari-70_Transcript.md,Dnyaneshwari,"Chapter 13, Verse 1",09:51 - 09:58
Dnyaneshwari-70_Transcript.md,Dnyaneshwari,"Chapter 13, Verse 1",09:51 - 09:58
Dnyaneshwari-70_Transcript.md,Dnyaneshwari,"Chapter 18, Verse 1221",10:28 - 10:36
Dnyaneshwari-70_Transcript.md,Dnyaneshwari,"Chapter 10, Verse 215",10:47 - 10:54
Dnyaneshwari-70_Transcript.md,Dnyaneshwari,"Chapter 10, Verse 215",10:57 - 11:04
Dnyaneshwari-70_Transcript.md,Dnyaneshwari,"Chapter 10, Verse 215",11:25 - 11:34
Dnyaneshwari-70_Transcript.md,Dnyaneshwari,"Chapter 18, Verse 1221",11:52 - 11:58
Dnyaneshwari-70_Transcript.md,Dnyaneshwari,"Chapter 11, Verse 182",12:04 - 12:10
Dnyaneshwari-70_Transcript.md,Dnyaneshwari,"Chapter 13, Verse 651",15:06 - 15:09
Dnyaneshwari-70_Transcript.md,Dnyaneshwari,"Chapter 18, Verse 1232",15:09 - 15:23
Dnyaneshwari-70_Transcript.md,Dnyaneshwari,"Chapter 6, Verse 325",15:23 - 15:38
Dnyaneshwari-70_Transcript.md,Dnyaneshwari,"Chapter 1, Verse 141",18:40 - 18:46
Dnyaneshwari-70_Transcript.md,Dnyaneshwari,"Chapter 1, Verse 141",18:40 - 18:46
Dnyaneshwari-70_Transcript.md,Dnyaneshwari,"Chapter 18, Verse 1221",19:53 - 19:56
Dnyaneshwari-70_Transcript.md,Dnyaneshwari,"Chapter 18, Verse 1745",20:00 - 20:04
Dnyaneshwari-70_Transcript.md,Dnyaneshwari,"Chapter 1, Verse 141",20:25 - 20:27
Dnyaneshwari-70_Transcript.md,Dnyaneshwari,"Chapter 1, Verse 141",20:27 - 20:31
Dnyaneshwari-70_Transcript.md,Dnyaneshwari,"Chapter 18, Verse 1232",22:17 - 22:24
Dnyaneshwari-71_Transcript.md,Dnyaneshwari,"Chapter 18, Verse 1228",00:00 - 00:01
Dnyaneshwari-71_Transcript.md,Dnyaneshwari,"Chapter 18, Verse 1229",00:04 - 00:08
Dnyaneshwari-71_Transcript.md,Dnyaneshwari,"Chapter 18, Verse 1230",00:11 - 00:12
Dnyaneshwari-71_Transcript.md,Dnyaneshwari,"Chapter 18, Verse 1230",00:12 - 00:15
Dnyaneshwari-71_Transcript.md,Dnyaneshwari,"Chapter 18, Verse 1231",00:20 - 00:25
Dnyaneshwari-71_Transcript.md,Dnyaneshwari,"Chapter 18, Verse 1232",00:28 - 00:31
Dnyaneshwari-71_Transcript.md,Dnyaneshwari,"Chapter 18, Verse 1233",00:34 - 00:35
Dnyaneshwari-71_Transcript.md,Dnyaneshwari,"Chapter 18, Verse 1233",00:35 - 00:38
Dnyaneshwari-71_Transcript.md,Dnyaneshwari,"Chapter 18, Verse 1234",00:40 - 00:41
Dnyaneshwari-71_Transcript.md,Dnyaneshwari,"Chapter 18, Verse 1234",00:41 - 00:44
Dnyaneshwari-71_Transcript.md,Dnyaneshwari,"Chapter 18, Verse 1234",00:41 - 00:44
Dnyaneshwari-71_Transcript.md,Dnyaneshwari,"Chapter 18, Verse 1235",00:46 - 00:47
Dnyaneshwari-71_Transcript.md,Dnyaneshwari,"Chapter 18, Verse 1235",00:47 - 00:51
Dnyaneshwari-71_Transcript.md,Dnyaneshwari,"Chapter 18, Verse 1235",00:51 - 00:51
Dnyaneshwari-71_Transcript.md,Dnyaneshwari,"Chapter 18, Verse 1236",00:54 - 00:57
Dnyaneshwari-71_Transcript.md,Dnyaneshwari,"Chapter 18, Verse 1237",01:00 - 01:00
Dnyaneshwari-71_Transcript.md,Dnyaneshwari,"Chapter 18, Verse 1237",01:00 - 01:04
Dnyaneshwari-71_Transcript.md,Dnyaneshwari,"Chapter 18, Verse 1237",01:04 - 01:04
Dnyaneshwari-71_Transcript.md,Dnyaneshwari,"Chapter 18, Verse 1228",01:13 - 01:14
Dnyaneshwari-71_Transcript.md,Dnyaneshwari,"Chapter 18, Verse 1226",02:19 - 02:21
Dnyaneshwari-71_Transcript.md,Dnyaneshwari,"Chapter 4, Verse 67",03:18 - 03:24
Dnyaneshwari-71_Transcript.md,Dnyaneshwari,"Chapter 9, Verse 1",04:09 - 04:15
Dnyaneshwari-71_Transcript.md,Dnyaneshwari,"Chapter 13, Verse 475",05:41 - 05:45
Dnyaneshwari-71_Transcript.md,Dnyaneshwari,"Chapter 18, Verse 1228",06:23 - 06:33
Dnyaneshwari-71_Transcript.md,Dnyaneshwari,"Chapter 15, Verse 351",06:51 - 07:08
Dnyaneshwari-71_Transcript.md,Dnyaneshwari,"Chapter 18, Verse 1229",07:20 - 07:23
Dnyaneshwari-71_Transcript.md,Dnyaneshwari,"Chapter 18, Verse 1231",08:24 - 08:32
Dnyaneshwari-71_Transcript.md,Dnyaneshwari,"Chapter 18, Verse 1231",09:21 - 09:29
Dnyaneshwari-71_Transcript.md,Dnyaneshwari,"Chapter 18, Verse 1232",09:43 - 09:47
Dnyaneshwari-71_Transcript.md,Dnyaneshwari,"Chapter 18, Verse 1233",10:14 - 10:18
Dnyaneshwari-71_Transcript.md,Dnyaneshwari,"Chapter 13, Verse 181",10:45 - 10:53
Dnyaneshwari-71_Transcript.md,Dnyaneshwari,"Chapter 18, Verse 704",11:51 - 12:05
Dnyaneshwari-71_Transcript.md,Dnyaneshwari,"Chapter 18, Verse 1277",14:45 - 14:50
Dnyaneshwari-71_Transcript.md,Dnyaneshwari,"Chapter 18, Verse 1274",14:55 - 14:58
Dnyaneshwari-71_Transcript.md,Dnyaneshwari,"Chapter 18, Verse 1274",15:04 - 15:09
Dnyaneshwari-71_Transcript.md,Dnyaneshwari,"Chapter 18, Verse 1553",15:50 - 15:52
Dnyaneshwari-71_Transcript.md,Dnyaneshwari,"Chapter 9, Verse 233",15:50 - 15:52
Dnyaneshwari-71_Transcript.md,Dnyaneshwari,"Chapter 18, Verse 1274",15:58 - 16:00
Dnyaneshwari-71_Transcript.md,Dnyaneshwari,"Chapter 18, Verse 1234",17:01 - 17:04
Dnyaneshwari-71_Transcript.md,Dnyaneshwari,"Chapter 18, Verse 1234",18:43 - 18:46
Dnyaneshwari-71_Transcript.md,Dnyaneshwari,"Chapter 18, Verse 1235",18:52 - 18:56
Dnyaneshwari-71_Transcript.md,Dnyaneshwari,"Chapter 18, Verse 1235",20:44 - 20:49
Dnyaneshwari-71_Transcript.md,Dnyaneshwari,"Chapter 18, Verse 1235",23:33 - 23:38
Dnyaneshwari-71_Transcript.md,Dnyaneshwari,"Chapter 18, Verse 1236",23:38 - 23:42
Dnyaneshwari-71_Transcript.md,Dnyaneshwari,"Chapter 18, Verse 1237",23:45 - 23:49
Dnyaneshwari-71_Transcript.md,Dnyaneshwari,"Chapter 18, Verse 1702",24:22 - 24:27
Dnyaneshwari-71_Transcript.md,Dnyaneshwari,"Chapter 18, Verse 1236",24:56 - 24:58
Dnyaneshwari-71_Transcript.md,Dnyaneshwari,"Chapter 18, Verse 1237",25:07 - 25:09
Dnyaneshwari-71_Transcript.md,Dnyaneshwari,"Chapter 18, Verse 1237",25:59 - 26:00
Dnyaneshwari-72_Transcript.md,Dnyaneshwari,"Chapter 18, Verse 1246",00:01 - 00:09
Dnyaneshwari-72_Transcript.md,Dnyaneshwari,"Chapter 18, Verse 1247",00:09 - 00:16
Dnyaneshwari-72_Transcript.md,Dnyaneshwari,"Chapter 18, Verse 1248",00:16 - 00:23
Dnyaneshwari-72_Transcript.md,Dnyaneshwari,"Chapter 18, Verse 1249",00:23 - 00:31
Dnyaneshwari-72_Transcript.md,Dnyaneshwari,"Chapter 18, Verse 1250",00:31 - 00:38
Dnyaneshwari-72_Transcript.md,Dnyaneshwari,"Chapter 18, Verse 1251",00:38 - 00:43
Dnyaneshwari-72_Transcript.md,Dnyaneshwari,"Chapter 18, Verse 1252",00:43 - 00:51
Dnyaneshwari-72_Transcript.md,Dnyaneshwari,"Chapter 18, Verse 1381",00:43 - 00:51
Dnyaneshwari-72_Transcript.md,Dnyaneshwari,"Chapter 18, Verse 1253",00:43 - 00:58
Dnyaneshwari-72_Transcript.md,Dnyaneshwari,"Chapter 14, Verse 298",00:51 - 01:06
Dnyaneshwari-72_Transcript.md,Dnyaneshwari,"Chapter 18, Verse 1254",00:58 - 01:06
Dnyaneshwari-72_Transcript.md,Dnyaneshwari,"Chapter 18, Verse 1351",02:45 - 02:55
Dnyaneshwari-72_Transcript.md,Dnyaneshwari,"Chapter 18, Verse 1351",04:18 - 04:22
Dnyaneshwari-72_Transcript.md,Dnyaneshwari,"Chapter 18, Verse 1232",05:50 - 06:00
Dnyaneshwari-72_Transcript.md,Dnyaneshwari,"Chapter 11, Verse 698",07:45 - 07:50
Dnyaneshwari-72_Transcript.md,Dnyaneshwari,"Chapter 18, Verse 1248",08:16 - 08:20
Dnyaneshwari-72_Transcript.md,Dnyaneshwari,"Chapter 16, Verse 138",10:07 - 10:12
Dnyaneshwari-72_Transcript.md,Dnyaneshwari,"Chapter 16, Verse 138",10:20 - 10:25
Dnyaneshwari-72_Transcript.md,Dnyaneshwari,"Chapter 16, Verse 138",10:31 - 10:45
Dnyaneshwari-72_Transcript.md,Dnyaneshwari,"Chapter 16, Verse 138",11:02 - 11:04
Dnyaneshwari-72_Transcript.md,Dnyaneshwari,"Chapter 18, Verse 265",11:36 - 11:43
Dnyaneshwari-72_Transcript.md,Dnyaneshwari,"Chapter 4, Verse 162",13:18 - 13:22
Dnyaneshwari-72_Transcript.md,Dnyaneshwari,"Chapter 2, Verse 147",13:18 - 13:22
Dnyaneshwari-72_Transcript.md,Dnyaneshwari,"Chapter 18, Verse 1247",14:50 - 14:56
Dnyaneshwari-72_Transcript.md,Dnyaneshwari,"Chapter 18, Verse 1248",14:56 - 15:00
Dnyaneshwari-72_Transcript.md,Dnyaneshwari,"Chapter 18, Verse 1250",18:17 - 18:23
Dnyaneshwari-72_Transcript.md,Dnyaneshwari,"Chapter 12, Verse 202",20:16 - 20:24
Dnyaneshwari-72_Transcript.md,Dnyaneshwari,"Chapter 18, Verse 1252",21:12 - 21:21
Dnyaneshwari-72_Transcript.md,Dnyaneshwari,"Chapter 18, Verse 1381",21:12 - 21:21
Dnyaneshwari-72_Transcript.md,Dnyaneshwari,"Chapter 9, Verse 298",21:21 - 21:30
Dnyaneshwari-72_Transcript.md,Dnyaneshwari,"Chapter 4, Verse 98",21:21 - 21:30
Dnyaneshwari-72_Transcript.md,Dnyaneshwari,"Chapter 18, Verse 181",21:33 - 21:39
Dnyaneshwari-72_Transcript.md,Dnyaneshwari,"Chapter 18, Verse 181",21:39 - 21:46
Dnyaneshwari-72_Transcript.md,Dnyaneshwari,"Chapter 18, Verse 250",22:20 - 22:25
Dnyaneshwari-72_Transcript.md,Dnyaneshwari,"Chapter 18, Verse 966",23:05 - 23:14
Dnyaneshwari-72_Transcript.md,Dnyaneshwari,"Chapter 18, Verse 1252",23:27 - 23:34
Dnyaneshwari-72_Transcript.md,Dnyaneshwari,"Chapter 18, Verse 1381",23:27 - 23:34
Dnyaneshwari-72_Transcript.md,Dnyaneshwari,"Chapter 18, Verse 1253",23:41 - 23:48
Dnyaneshwari-72_Transcript.md,Dnyaneshwari,"Chapter 18, Verse 1557",26:24 - 26:31
Dnyaneshwari-72_Transcript.md,Dnyaneshwari,"Chapter 18, Verse 1219",26:31 - 26:37
Dnyaneshwari-72_Transcript.md,Dnyaneshwari,"Chapter 18, Verse 1219",27:07 - 27:10
Dnyaneshwari-72_Transcript.md,Dnyaneshwari,"Chapter 9, Verse 326",29:50 - 30:02
Dnyaneshwari-72_Transcript.md,Dnyaneshwari,"Chapter 13, Verse 381",30:18 - 30:21
Dnyaneshwari-72_Transcript.md,Dnyaneshwari,"Chapter 18, Verse 1219",30:52 - 30:56
Dnyaneshwari-72_Transcript.md,Dnyaneshwari,"Chapter 14, Verse 262",30:56 - 31:00
Dnyaneshwari-72_Transcript.md,Dnyaneshwari,"Chapter 1, Verse 189",30:56 - 31:00
Dnyaneshwari-72_Transcript.md,Dnyaneshwari,"Chapter 18, Verse 1219",32:46 - 32:52
Dnyaneshwari-72_Transcript.md,Dnyaneshwari,"Chapter 18, Verse 1242",33:06 - 33:11
Dnyaneshwari-72_Transcript.md,Dnyaneshwari,"Chapter 18, Verse 1241",33:11 - 33:16
Dnyaneshwari-72_Transcript.md,Dnyaneshwari,"Chapter 18, Verse 1219",34:41 - 34:48
Dnyaneshwari-72_Transcript.md,Dnyaneshwari,"Chapter 18, Verse 1254",34:52 - 35:06
Dnyaneshwari-72_Transcript.md,Dnyaneshwari,"Chapter 14, Verse 298",34:52 - 35:06
Dnyaneshwari-72_Transcript.md,Dnyaneshwari,"Chapter 2, Verse 281",37:05 - 37:16
Dnyaneshwari-72_Transcript.md,Dnyaneshwari,"Chapter 5, Verse 107",40:51 - 40:58
Dnyaneshwari-72_Transcript.md,Dnyaneshwari,"Chapter 17, Verse 232",41:07 - 41:13
Dnyaneshwari-72_Transcript.md,Dnyaneshwari,"Chapter 17, Verse 232",41:41 - 41:46
Dnyaneshwari-72_Transcript.md,Dnyaneshwari,"Chapter 17, Verse 232",41:49 - 41:53
Dnyaneshwari-72_Transcript.md,Dnyaneshwari,"Chapter 17, Verse 232",42:06 - 42:11
Dnyaneshwari-72_Transcript.md,Dnyaneshwari,"Chapter 18, Verse 1254",42:19 - 42:26
Dnyaneshwari-72_Transcript.md,Dnyaneshwari,"Chapter 18, Verse 1219",43:05 - 43:08
Dnyaneshwari-72_Transcript.md,Dnyaneshwari,"Chapter 17, Verse 232",43:15 - 43:20
Dnyaneshwari-72_Transcript.md,Dnyaneshwari,"Chapter 18, Verse 1254",43:20 - 43:46
Dnyaneshwari-72_Transcript.md,Dnyaneshwari,"Chapter 14, Verse 298",43:20 - 43:46
Dnyaneshwari-73_Transcript.md,Dnyaneshwari,"Chapter 18, Verse 1254",00:02 - 00:17
Dnyaneshwari-73_Transcript.md,Dnyaneshwari,"Chapter 14, Verse 298",00:02 - 00:17
Dnyaneshwari-73_Transcript.md,Dnyaneshwari,"Chapter 18, Verse 1256",00:17 - 00:34
Dnyaneshwari-73_Transcript.md,Dnyaneshwari,"Chapter 18, Verse 1257",00:27 - 00:43
Dnyaneshwari-73_Transcript.md,Dnyaneshwari,"Chapter 9, Verse 79",00:27 - 00:34
Dnyaneshwari-73_Transcript.md,Dnyaneshwari,"Chapter 18, Verse 1258",00:34 - 00:43
Dnyaneshwari-73_Transcript.md,Dnyaneshwari,"Chapter 18, Verse 1259",00:43 - 00:49
Dnyaneshwari-73_Transcript.md,Dnyaneshwari,"Chapter 18, Verse 1260",00:49 - 00:56
Dnyaneshwari-73_Transcript.md,Dnyaneshwari,"Chapter 18, Verse 1261",00:56 - 01:03
Dnyaneshwari-73_Transcript.md,Dnyaneshwari,"Chapter 18, Verse 655",00:56 - 01:03
Dnyaneshwari-73_Transcript.md,Dnyaneshwari,"Chapter 18, Verse 1262",01:03 - 01:11
Dnyaneshwari-73_Transcript.md,Dnyaneshwari,"Chapter 18, Verse 1263",01:11 - 01:20
Dnyaneshwari-73_Transcript.md,Dnyaneshwari,"Chapter 18, Verse 1254",02:26 - 02:33
Dnyaneshwari-73_Transcript.md,Dnyaneshwari,"Chapter 14, Verse 298",02:26 - 02:33
Dnyaneshwari-73_Transcript.md,Dnyaneshwari,"Chapter 18, Verse 1254",05:54 - 05:58
Dnyaneshwari-73_Transcript.md,Dnyaneshwari,"Chapter 10, Verse 320",06:30 - 06:39
Dnyaneshwari-73_Transcript.md,Dnyaneshwari,"Chapter 13, Verse 880",06:54 - 07:04
Dnyaneshwari-73_Transcript.md,Dnyaneshwari,"Chapter 18, Verse 1254",07:41 - 07:47
Dnyaneshwari-73_Transcript.md,Dnyaneshwari,"Chapter 18, Verse 1254",08:48 - 08:53
Dnyaneshwari-73_Transcript.md,Dnyaneshwari,"Chapter 11, Verse 491",08:53 - 08:59
Dnyaneshwari-73_Transcript.md,Dnyaneshwari,"Chapter 18, Verse 1254",09:01 - 09:04
Dnyaneshwari-73_Transcript.md,Dnyaneshwari,"Chapter 1, Verse 1",09:11 - 09:19
Dnyaneshwari-73_Transcript.md,Dnyaneshwari,"Chapter 1, Verse 1",09:32 - 09:40
Dnyaneshwari-73_Transcript.md,Dnyaneshwari,"Chapter 9, Verse 49",09:46 - 09:54
Dnyaneshwari-73_Transcript.md,Dnyaneshwari,"Chapter 9, Verse 60",09:54 - 10:03
Dnyaneshwari-73_Transcript.md,Dnyaneshwari,"Chapter 9, Verse 61",12:11 - 12:14
Dnyaneshwari-73_Transcript.md,Dnyaneshwari,"Chapter 9, Verse 61",12:14 - 12:19
Dnyaneshwari-73_Transcript.md,Dnyaneshwari,"Chapter 9, Verse 61",12:45 - 12:48
Dnyaneshwari-73_Transcript.md,Dnyaneshwari,"Chapter 9, Verse 60",13:09 - 13:17
Dnyaneshwari-73_Transcript.md,Dnyaneshwari,"Chapter 3, Verse 215",14:28 - 14:36
Dnyaneshwari-73_Transcript.md,Dnyaneshwari,"Chapter 9, Verse 199",16:48 - 16:54
Dnyaneshwari-73_Transcript.md,Dnyaneshwari,"Chapter 4, Verse 16",16:48 - 16:58
Dnyaneshwari-73_Transcript.md,Dnyaneshwari,"Chapter 18, Verse 1219",17:49 - 17:59
Dnyaneshwari-73_Transcript.md,Dnyaneshwari,"Chapter 18, Verse 1219",18:13 - 18:19
Dnyaneshwari-73_Transcript.md,Dnyaneshwari,"Chapter 18, Verse 1349",19:42 - 19:48
Dnyaneshwari-73_Transcript.md,Dnyaneshwari,"Chapter 18, Verse 1381",19:42 - 19:48
Dnyaneshwari-73_Transcript.md,Dnyaneshwari,"Chapter 18, Verse 1255",19:48 - 19:54
Dnyaneshwari-73_Transcript.md,Dnyaneshwari,"Chapter 18, Verse 1381",19:48 - 19:54
Dnyaneshwari-73_Transcript.md,Dnyaneshwari,"Chapter 18, Verse 203",02:09 - 02:14
Dnyaneshwari-73_Transcript.md,Dnyaneshwari,"Chapter 18, Verse 203",02:18 - 02:23
Dnyaneshwari-73_Transcript.md,Dnyaneshwari,"Chapter 12, Verse 245",02:32 - 02:36
Dnyaneshwari-73_Transcript.md,Dnyaneshwari,"Chapter 18, Verse 200",03:55 - 04:10
Dnyaneshwari-73_Transcript.md,Dnyaneshwari,"Chapter 3, Verse 29",04:07 - 04:10
Dnyaneshwari-73_Transcript.md,Dnyaneshwari,"Chapter 18, Verse 200",04:18 - 04:23
Dnyaneshwari-73_Transcript.md,Dnyaneshwari,"Chapter 3, Verse 29",04:18 - 04:23
Dnyaneshwari-73_Transcript.md,Dnyaneshwari,"Chapter 18, Verse 200",04:33 - 04:43
Dnyaneshwari-73_Transcript.md,Dnyaneshwari,"Chapter 3, Verse 29",04:36 - 04:43
Dnyaneshwari-73_Transcript.md,Dnyaneshwari,"Chapter 18, Verse 240",04:57 - 05:03
Dnyaneshwari-73_Transcript.md,Dnyaneshwari,"Chapter 18, Verse 1381",05:25 - 05:33
Dnyaneshwari-73_Transcript.md,Dnyaneshwari,"Chapter 18, Verse 1255",05:25 - 05:33
Dnyaneshwari-73_Transcript.md,Dnyaneshwari,"Chapter 18, Verse 1381",05:33 - 05:37
Dnyaneshwari-73_Transcript.md,Dnyaneshwari,"Chapter 4, Verse 98",05:33 - 05:37
Dnyaneshwari-73_Transcript.md,Dnyaneshwari,"Chapter 18, Verse 203",05:58 - 06:02
Dnyaneshwari-73_Transcript.md,Dnyaneshwari,"Chapter 18, Verse 1255",06:28 - 06:37
Dnyaneshwari-73_Transcript.md,Dnyaneshwari,"Chapter 18, Verse 1381",06:31 - 06:37
Dnyaneshwari-73_Transcript.md,Dnyaneshwari,"Chapter 18, Verse 1256",06:37 - 06:44
Dnyaneshwari-73_Transcript.md,Dnyaneshwari,"Chapter 18, Verse 1256",07:21 - 07:35
Dnyaneshwari-73_Transcript.md,Dnyaneshwari,"Chapter 18, Verse 203",09:53 - 10:01
Dnyaneshwari-73_Transcript.md,Dnyaneshwari,"Chapter 11, Verse 491",10:01 - 10:09
Dnyaneshwari-73_Transcript.md,Dnyaneshwari,"Chapter 12, Verse 120",10:09 - 10:14
Dnyaneshwari-73_Transcript.md,Dnyaneshwari,"Chapter 12, Verse 120",10:35 - 10:40
Dnyaneshwari-73_Transcript.md,Dnyaneshwari,"Chapter 12, Verse 245",10:55 - 10:59
Dnyaneshwari-73_Transcript.md,Dnyaneshwari,"Chapter 18, Verse 909",11:53 - 12:01
Dnyaneshwari-73_Transcript.md,Dnyaneshwari,"Chapter 18, Verse 902",11:53 - 12:01
Dnyaneshwari-73_Transcript.md,Dnyaneshwari,"Chapter 18, Verse 909",12:01 - 12:08
Dnyaneshwari-73_Transcript.md,Dnyaneshwari,"Chapter 18, Verse 902",12:01 - 12:08
Dnyaneshwari-73_Transcript.md,Dnyaneshwari,"Chapter 18, Verse 909",12:08 - 12:16
Dnyaneshwari-73_Transcript.md,Dnyaneshwari,"Chapter 18, Verse 909",12:26 - 12:31
Dnyaneshwari-73_Transcript.md,Dnyaneshwari,"Chapter 18, Verse 909",12:41 - 12:44
Dnyaneshwari-73_Transcript.md,Dnyaneshwari,"Chapter 18, Verse 909",13:45 - 13:51
Dnyaneshwari-73_Transcript.md,Dnyaneshwari,"Chapter 18, Verse 907",13:55 - 13:59
Dnyaneshwari-73_Transcript.md,Dnyaneshwari,"Chapter 18, Verse 1256",14:13 - 14:25
Dnyaneshwari-73_Transcript.md,Dnyaneshwari,"Chapter 11, Verse 634",14:39 - 14:43
Dnyaneshwari-73_Transcript.md,Dnyaneshwari,"Chapter 11, Verse 634",14:43 - 14:49
Dnyaneshwari-74_Transcript.md,Dnyaneshwari,"Chapter 18, Verse 1255",00:10 - 00:13
Dnyaneshwari-74_Transcript.md,Dnyaneshwari,"Chapter 18, Verse 1256",00:18 - 00:24
Dnyaneshwari-74_Transcript.md,Dnyaneshwari,"Chapter 18, Verse 1257",00:24 - 00:27
Dnyaneshwari-74_Transcript.md,Dnyaneshwari,"Chapter 18, Verse 1257",00:24 - 00:30
Dnyaneshwari-74_Transcript.md,Dnyaneshwari,"Chapter 18, Verse 1258",00:30 - 00:38
Dnyaneshwari-74_Transcript.md,Dnyaneshwari,"Chapter 18, Verse 1259",00:38 - 00:42
Dnyaneshwari-74_Transcript.md,Dnyaneshwari,"Chapter 18, Verse 1260",00:46 - 00:52
Dnyaneshwari-74_Transcript.md,Dnyaneshwari,"Chapter 18, Verse 1261",00:52 - 00:59
Dnyaneshwari-74_Transcript.md,Dnyaneshwari,"Chapter 18, Verse 655",00:52 - 00:59
Dnyaneshwari-74_Transcript.md,Dnyaneshwari,"Chapter 18, Verse 1262",00:59 - 01:06
Dnyaneshwari-74_Transcript.md,Dnyaneshwari,"Chapter 18, Verse 1263",01:06 - 01:14
Dnyaneshwari-74_Transcript.md,Dnyaneshwari,"Chapter 11, Verse 76",01:45 - 01:49
Dnyaneshwari-74_Transcript.md,Dnyaneshwari,"Chapter 18, Verse 1258",01:53 - 02:00
Dnyaneshwari-74_Transcript.md,Dnyaneshwari,"Chapter 18, Verse 1258",02:46 - 02:54
Dnyaneshwari-74_Transcript.md,Dnyaneshwari,"Chapter 11, Verse 76",03:04 - 03:10
Dnyaneshwari-74_Transcript.md,Dnyaneshwari,"Chapter 18, Verse 746",03:04 - 03:22
Dnyaneshwari-74_Transcript.md,Dnyaneshwari,"Chapter 15, Verse 419",03:22 - 03:30
Dnyaneshwari-74_Transcript.md,Dnyaneshwari,"Chapter 15, Verse 419",03:34 - 03:37
Dnyaneshwari-74_Transcript.md,Dnyaneshwari,"Chapter 15, Verse 419",03:43 - 03:49
Dnyaneshwari-74_Transcript.md,Dnyaneshwari,"Chapter 15, Verse 420",03:49 - 03:53
Dnyaneshwari-74_Transcript.md,Dnyaneshwari,"Chapter 8, Verse 59",07:52 - 07:58
Dnyaneshwari-74_Transcript.md,Dnyaneshwari,"Chapter 9, Verse 98",08:02 - 08:07
Dnyaneshwari-74_Transcript.md,Dnyaneshwari,"Chapter 13, Verse 1094",08:20 - 08:24
Dnyaneshwari-74_Transcript.md,Dnyaneshwari,"Chapter 13, Verse 1096",10:22 - 10:26
Dnyaneshwari-74_Transcript.md,Dnyaneshwari,"Chapter 18, Verse 1258",11:31 - 11:39
Dnyaneshwari-74_Transcript.md,Dnyaneshwari,"Chapter 13, Verse 31",12:46 - 12:52
Dnyaneshwari-74_Transcript.md,Dnyaneshwari,"Chapter 13, Verse 1100",14:33 - 14:37
Dnyaneshwari-74_Transcript.md,Dnyaneshwari,"Chapter 13, Verse 1100",14:39 - 14:49
Dnyaneshwari-74_Transcript.md,Dnyaneshwari,"Chapter 2, Verse 158",15:41 - 15:44
Dnyaneshwari-74_Transcript.md,Dnyaneshwari,"Chapter 18, Verse 1188",15:49 - 15:51
Dnyaneshwari-74_Transcript.md,Dnyaneshwari,"Chapter 2, Verse 207",16:33 - 16:38
Dnyaneshwari-74_Transcript.md,Dnyaneshwari,"Chapter 18, Verse 846",17:15 - 17:23
Dnyaneshwari-74_Transcript.md,Dnyaneshwari,"Chapter 2, Verse 104",17:23 - 17:28
Dnyaneshwari-74_Transcript.md,Dnyaneshwari,"Chapter 18, Verse 1381",17:40 - 17:44
Dnyaneshwari-74_Transcript.md,Dnyaneshwari,"Chapter 3, Verse 142",17:51 - 17:54
Dnyaneshwari-74_Transcript.md,Dnyaneshwari,"Chapter 18, Verse 1258",21:26 - 21:30
Dnyaneshwari-74_Transcript.md,Dnyaneshwari,"Chapter 18, Verse 1258",22:01 - 22:08
Dnyaneshwari-74_Transcript.md,Dnyaneshwari,"Chapter 14, Verse 208",31:09 - 31:12
Dnyaneshwari-74_Transcript.md,Dnyaneshwari,"Chapter 10, Verse 320",31:19 - 31:23
Dnyaneshwari-74_Transcript.md,Dnyaneshwari,"Chapter 14, Verse 208",34:09 - 34:12
Dnyaneshwari-74_Transcript.md,Dnyaneshwari,"Chapter 10, Verse 320",34:19 - 34:23
Dnyaneshwari-74_Transcript.md,Dnyaneshwari,"Chapter 12, Verse 102",34:38 - 34:42
Dnyaneshwari-74_Transcript.md,Dnyaneshwari,"Chapter 18, Verse 1258",34:42 - 34:49
Dnyaneshwari-74_Transcript.md,Dnyaneshwari,"Chapter 18, Verse 1259",34:49 - 35:00
Dnyaneshwari-74_Transcript.md,Dnyaneshwari,"Chapter 13, Verse 1027",35:05 - 35:09
Dnyaneshwari-74_Transcript.md,Dnyaneshwari,"Chapter 13, Verse 1027",35:22 - 35:31
Dnyaneshwari-74_Transcript.md,Dnyaneshwari,"Chapter 13, Verse 1027",35:35 - 35:38
Dnyaneshwari-74_Transcript.md,Dnyaneshwari,"Chapter 13, Verse 1027",35:47 - 35:50
Dnyaneshwari-74_Transcript.md,Dnyaneshwari,"Chapter 18, Verse 1259",36:08 - 36:14
Dnyaneshwari-74_Transcript.md,Dnyaneshwari,"Chapter 18, Verse 1259",36:27 - 36:34
Dnyaneshwari-74_Transcript.md,Dnyaneshwari,"Chapter 18, Verse 1259",36:27 - 36:34
Dnyaneshwari-74_Transcript.md,Dnyaneshwari,"Chapter 18, Verse 1259",36:46 - 36:52
Dnyaneshwari-74_Transcript.md,Dnyaneshwari,"Chapter 18, Verse 1259",38:13 - 38:19
Dnyaneshwari-74_Transcript.md,Dnyaneshwari,"Chapter 18, Verse 1260",39:00 - 39:08
Dnyaneshwari-74_Transcript.md,Dnyaneshwari,"Chapter 6, Verse 325",39:49 - 39:54
Dnyaneshwari-74_Transcript.md,Dnyaneshwari,"Chapter 18, Verse 1260",40:52 - 40:59
Dnyaneshwari-74_Transcript.md,Dnyaneshwari,"Chapter 2, Verse 157",41:36 - 41:42
Dnyaneshwari-74_Transcript.md,Dnyaneshwari,"Chapter 8, Verse 252",43:37 - 43:42
Dnyaneshwari-74_Transcript.md,Dnyaneshwari,"Chapter 8, Verse 252",44:18 - 44:27
Dnyaneshwari-74_Transcript.md,Dnyaneshwari,"Chapter 15, Verse 514",45:13 - 45:17
Dnyaneshwari-74_Transcript.md,Dnyaneshwari,"Chapter 8, Verse 252",46:04 - 46:09
Dnyaneshwari-74_Transcript.md,Dnyaneshwari,"Chapter 14, Verse 312",46:37 - 46:42
Dnyaneshwari-75_Transcript.md,Dnyaneshwari,"Chapter 18, Verse 1259",00:03 - 00:03
Dnyaneshwari-75_Transcript.md,Dnyaneshwari,"Chapter 18, Verse 1259",00:03 - 00:09
Dnyaneshwari-75_Transcript.md,Dnyaneshwari,"Chapter 18, Verse 1260",00:12 - 00:15
Dnyaneshwari-75_Transcript.md,Dnyaneshwari,"Chapter 18, Verse 1261",00:19 - 00:27
Dnyaneshwari-75_Transcript.md,Dnyaneshwari,"Chapter 18, Verse 655",00:19 - 00:27
Dnyaneshwari-75_Transcript.md,Dnyaneshwari,"Chapter 18, Verse 1262",00:27 - 00:34
Dnyaneshwari-75_Transcript.md,Dnyaneshwari,"Chapter 18, Verse 1263",00:34 - 00:41
Dnyaneshwari-75_Transcript.md,Dnyaneshwari,"Chapter 8, Verse 139",00:41 - 00:47
Dnyaneshwari-75_Transcript.md,Dnyaneshwari,"Chapter 5, Verse 2",00:47 - 00:54
Dnyaneshwari-75_Transcript.md,Dnyaneshwari,"Chapter 5, Verse 2",00:54 - 00:59
Dnyaneshwari-75_Transcript.md,Dnyaneshwari,"Chapter 18, Verse 1261",02:25 - 02:33
Dnyaneshwari-75_Transcript.md,Dnyaneshwari,"Chapter 18, Verse 655",02:25 - 02:33
Dnyaneshwari-75_Transcript.md,Dnyaneshwari,"Chapter 18, Verse 1260",02:25 - 02:45
Dnyaneshwari-75_Transcript.md,Dnyaneshwari,"Chapter 18, Verse 243",03:45 - 03:50
Dnyaneshwari-75_Transcript.md,Dnyaneshwari,"Chapter 18, Verse 1259",06:30 - 06:42
Dnyaneshwari-75_Transcript.md,Dnyaneshwari,"Chapter 9, Verse 106",06:54 - 07:05
Dnyaneshwari-75_Transcript.md,Dnyaneshwari,"Chapter 8, Verse 139",07:37 - 07:47
Dnyaneshwari-75_Transcript.md,Dnyaneshwari,"Chapter 8, Verse 139",07:53 - 08:08
Dnyaneshwari-75_Transcript.md,Dnyaneshwari,"Chapter 8, Verse 139",08:21 - 08:36
Dnyaneshwari-75_Transcript.md,Dnyaneshwari,"Chapter 8, Verse 139",09:38 - 09:44
Dnyaneshwari-75_Transcript.md,Dnyaneshwari,"Chapter 8, Verse 59",01:30 - 01:32
Dnyaneshwari-75_Transcript.md,Dnyaneshwari,"Chapter 18, Verse 641",02:00 - 02:14
Dnyaneshwari-75_Transcript.md,Dnyaneshwari,"Chapter 18, Verse 1261",02:44 - 02:58
Dnyaneshwari-75_Transcript.md,Dnyaneshwari,"Chapter 18, Verse 655",02:44 - 02:58
Dnyaneshwari-75_Transcript.md,Dnyaneshwari,"Chapter 18, Verse 1083",03:16 - 03:20
Dnyaneshwari-75_Transcript.md,Dnyaneshwari,"Chapter 14, Verse 270",03:34 - 03:40
Dnyaneshwari-75_Transcript.md,Dnyaneshwari,"Chapter 6, Verse 212",05:25 - 05:30
Dnyaneshwari-75_Transcript.md,Dnyaneshwari,"Chapter 11, Verse 76",05:30 - 05:42
Dnyaneshwari-75_Transcript.md,Dnyaneshwari,"Chapter 13, Verse 551",06:09 - 06:14
Dnyaneshwari-75_Transcript.md,Dnyaneshwari,"Chapter 13, Verse 551",06:26 - 06:34
Dnyaneshwari-75_Transcript.md,Dnyaneshwari,"Chapter 13, Verse 551",07:02 - 07:23
Dnyaneshwari-75_Transcript.md,Dnyaneshwari,"Chapter 11, Verse 76",07:02 - 07:23
Dnyaneshwari-75_Transcript.md,Dnyaneshwari,"Chapter 18, Verse 1259",09:24 - 09:36
Dnyaneshwari-75_Transcript.md,Dnyaneshwari,"Chapter 2, Verse 125",03:31:00 - 03:38:00
Dnyaneshwari-75_Transcript.md,Dnyaneshwari,"Chapter 13, Verse 903",04:35:00 - 04:45:00
Dnyaneshwari-75_Transcript.md,Dnyaneshwari,"Chapter 18, Verse 1259",06:10:00 - 06:23:00
Dnyaneshwari-75_Transcript.md,Dnyaneshwari,"Chapter 18, Verse 746",06:10:00 - 06:23:00
Dnyaneshwari-75_Transcript.md,Dnyaneshwari,"Chapter 15, Verse 419",06:23:00 - 06:37:00
Dnyaneshwari-75_Transcript.md,Dnyaneshwari,"Chapter 11, Verse 76",07:59:00 - 08:11:00
Dnyaneshwari-75_Transcript.md,Dnyaneshwari,"Chapter 18, Verse 1260",09:32:00 - 09:43:00
Dnyaneshwari-75_Transcript.md,Dnyaneshwari,"Chapter 8, Verse 59",01:53:00 - 01:58:00
Dnyaneshwari-75_Transcript.md,Dnyaneshwari,"Chapter 5, Verse 20",02:11:00 - 02:21:00
Dnyaneshwari-75_Transcript.md,Dnyaneshwari,"Chapter 13, Verse 700",02:11:00 - 02:21:00
Dnyaneshwari-75_Transcript.md,Dnyaneshwari,"Chapter 5, Verse 20",02:21:00 - 02:33:00
Dnyaneshwari-75_Transcript.md,Dnyaneshwari,"Chapter 13, Verse 700",02:24:00 - 02:31:00
Dnyaneshwari-75_Transcript.md,Dnyaneshwari,"Chapter 4, Verse 203",03:50:00 - 04:02:00
Dnyaneshwari-75_Transcript.md,Dnyaneshwari,"Chapter 4, Verse 203",04:02:00 - 04:13:00
Dnyaneshwari-75_Transcript.md,Dnyaneshwari,"Chapter 18, Verse 1257",04:53:00 - 05:02:00
Dnyaneshwari-75_Transcript.md,Dnyaneshwari,"Chapter 9, Verse 79",04:53:00 - 05:02:00
Dnyaneshwari-75_Transcript.md,Dnyaneshwari,"Chapter 8, Verse 59",09:12:00 - 09:22:00
Dnyaneshwari-75_Transcript.md,Dnyaneshwari,"Chapter 9, Verse 79",11:30:00 - 11:40:00
Dnyaneshwari-75_Transcript.md,Dnyaneshwari,"Chapter 18, Verse 1260",11:40:00 - 11:56:00
Dnyaneshwari-75_Transcript.md,Dnyaneshwari,"Chapter 18, Verse 1261",11:40:00 - 11:56:00
Dnyaneshwari-75_Transcript.md,Dnyaneshwari,"Chapter 18, Verse 1261",14:08:00 - 14:21:00
Dnyaneshwari-75_Transcript.md,Dnyaneshwari,"Chapter 18, Verse 655",14:08:00 - 14:21:00
Dnyaneshwari-75_Transcript.md,Dnyaneshwari,"Chapter 12, Verse 245",10:00:00 - 10:07:00
Dnyaneshwari-75_Transcript.md,Dnyaneshwari,"Chapter 12, Verse 245",10:32:00 - 10:35:00
Dnyaneshwari-76_Transcript.md,Dnyaneshwari,"Chapter 18, Verse 1267",00:03 - 00:03
Dnyaneshwari-76_Transcript.md,Dnyaneshwari,"Chapter 18, Verse 1267",00:03 - 00:11
Dnyaneshwari-76_Transcript.md,Dnyaneshwari,"Chapter 18, Verse 1268",00:11 - 00:11
Dnyaneshwari-76_Transcript.md,Dnyaneshwari,"Chapter 18, Verse 1268",00:11 - 00:17
Dnyaneshwari-76_Transcript.md,Dnyaneshwari,"Chapter 18, Verse 1269",00:17 - 00:17
Dnyaneshwari-76_Transcript.md,Dnyaneshwari,"Chapter 18, Verse 1269",00:17 - 00:17
Dnyaneshwari-76_Transcript.md,Dnyaneshwari,"Chapter 18, Verse 1269",00:17 - 00:24
Dnyaneshwari-76_Transcript.md,Dnyaneshwari,"Chapter 18, Verse 1270",00:17 - 00:24
Dnyaneshwari-76_Transcript.md,Dnyaneshwari,"Chapter 18, Verse 1269",01:48 - 01:55
Dnyaneshwari-76_Transcript.md,Dnyaneshwari,"Chapter 18, Verse 1477",01:55 - 01:57
Dnyaneshwari-76_Transcript.md,Dnyaneshwari,"Chapter 11, Verse 178",02:54 - 02:55
Dnyaneshwari-76_Transcript.md,Dnyaneshwari,"Chapter 18, Verse 1267",09:37 - 09:44
Dnyaneshwari-76_Transcript.md,Dnyaneshwari,"Chapter 18, Verse 1267",09:37 - 09:44
Dnyaneshwari-76_Transcript.md,Dnyaneshwari,"Chapter 17, Verse 328",10:10 - 10:14
Dnyaneshwari-76_Transcript.md,Dnyaneshwari,"Chapter 18, Verse 1267",11:06 - 11:12
Dnyaneshwari-76_Transcript.md,Dnyaneshwari,"Chapter 8, Verse 59",11:23 - 11:28
Dnyaneshwari-76_Transcript.md,Dnyaneshwari,"Chapter 2, Verse 6",13:41 - 13:47
Dnyaneshwari-76_Transcript.md,Dnyaneshwari,"Chapter 18, Verse 1270",14:14 - 14:22
Dnyaneshwari-76_Transcript.md,Dnyaneshwari,"Chapter 18, Verse 1269",14:31 - 14:41
Dnyaneshwari-76_Transcript.md,Dnyaneshwari,"Chapter 18, Verse 1270",14:41 - 14:53
Dnyaneshwari-76_Transcript.md,Dnyaneshwari,"Chapter 18, Verse 1267",21:21 - 21:25
Dnyaneshwari-76_Transcript.md,Dnyaneshwari,"Chapter 18, Verse 1267",21:59 - 22:13
Dnyaneshwari-76_Transcript.md,Dnyaneshwari,"Chapter 18, Verse 1479",21:59 - 22:30
Dnyaneshwari-76_Transcript.md,Dnyaneshwari,"Chapter 18, Verse 1267",22:13 - 22:30
Dnyaneshwari-76_Transcript.md,Dnyaneshwari,"Chapter 8, Verse 59",26:20 - 26:24
Dnyaneshwari-76_Transcript.md,Dnyaneshwari,"Chapter 11, Verse 19",28:05 - 28:12
Dnyaneshwari-76_Transcript.md,Dnyaneshwari,"Chapter 11, Verse 20",28:12 - 28:21
Dnyaneshwari-76_Transcript.md,Dnyaneshwari,"Chapter 11, Verse 20",28:36 - 28:43
Dnyaneshwari-76_Transcript.md,Dnyaneshwari,"Chapter 10, Verse 58",29:06 - 29:11
Dnyaneshwari-77_Transcript.md,Dnyaneshwari,"Chapter 18, Verse 1268",00:03 - 00:10
Dnyaneshwari-77_Transcript.md,Dnyaneshwari,"Chapter 18, Verse 1268",00:10 - 00:17
Dnyaneshwari-77_Transcript.md,Dnyaneshwari,"Chapter 18, Verse 1269",00:17 - 00:23
Dnyaneshwari-77_Transcript.md,Dnyaneshwari,"Chapter 18, Verse 1270",00:17 - 00:30
Dnyaneshwari-77_Transcript.md,Dnyaneshwari,"Chapter 18, Verse 1271",00:23 - 00:37
Dnyaneshwari-77_Transcript.md,Dnyaneshwari,"Chapter 18, Verse 1272",00:37 - 00:45
Dnyaneshwari-77_Transcript.md,Dnyaneshwari,"Chapter 6, Verse 492",08:18 - 08:23
Dnyaneshwari-77_Transcript.md,Dnyaneshwari,"Chapter 18, Verse 29",08:18 - 08:23
Dnyaneshwari-77_Transcript.md,Dnyaneshwari,"Chapter 18, Verse 1270",08:53 - 08:57
Dnyaneshwari-77_Transcript.md,Dnyaneshwari,"Chapter 18, Verse 1270",10:59 - 11:03
Dnyaneshwari-77_Transcript.md,Dnyaneshwari,"Chapter 18, Verse 1270",13:47 - 13:50
Dnyaneshwari-77_Transcript.md,Dnyaneshwari,"Chapter 18, Verse 1270",14:07 - 14:12
Dnyaneshwari-77_Transcript.md,Dnyaneshwari,"Chapter 15, Verse 490",15:48 - 15:53
Dnyaneshwari-77_Transcript.md,Dnyaneshwari,"Chapter 18, Verse 1269",16:12 - 16:22
Dnyaneshwari-77_Transcript.md,Dnyaneshwari,"Chapter 2, Verse 70",17:05 - 17:13
Dnyaneshwari-77_Transcript.md,Dnyaneshwari,"Chapter 18, Verse 1274",17:38 - 17:44
Dnyaneshwari-77_Transcript.md,Dnyaneshwari,"Chapter 18, Verse 1275",17:44 - 17:48
Dnyaneshwari-77_Transcript.md,Dnyaneshwari,"Chapter 18, Verse 1275",17:54 - 17:58
Dnyaneshwari-77_Transcript.md,Dnyaneshwari,"Chapter 18, Verse 1270",18:05 - 18:11
Dnyaneshwari-77_Transcript.md,Dnyaneshwari,"Chapter 11, Verse 407",18:34 - 18:43
Dnyaneshwari-77_Transcript.md,Dnyaneshwari,"Chapter 2, Verse 125",19:04 - 19:13
Dnyaneshwari-77_Transcript.md,Dnyaneshwari,"Chapter 8, Verse 99",23:56 - 24:00
Dnyaneshwari-77_Transcript.md,Dnyaneshwari,"Chapter 18, Verse 1270",26:20 - 26:32
Dnyaneshwari-77_Transcript.md,Dnyaneshwari,"Chapter 18, Verse 1271",26:35 - 26:39
Dnyaneshwari-77_Transcript.md,Dnyaneshwari,"Chapter 18, Verse 1271",27:01 - 27:11
Dnyaneshwari-77_Transcript.md,Dnyaneshwari,"Chapter 18, Verse 1271",30:37 - 30:43
Dnyaneshwari-77_Transcript.md,Dnyaneshwari,"Chapter 18, Verse 1272",30:53 - 30:59
Dnyaneshwari-77_Transcript.md,Dnyaneshwari,"Chapter 18, Verse 1270",33:12 - 33:23
Dnyaneshwari-77_Transcript.md,Dnyaneshwari,"Chapter 6, Verse 280",34:27 - 34:31
Dnyaneshwari-77_Transcript.md,Dnyaneshwari,"Chapter 9, Verse 59",34:27 - 34:36
Dnyaneshwari-77_Transcript.md,Dnyaneshwari,"Chapter 18, Verse 1270",35:19 - 35:23
Dnyaneshwari-77_Transcript.md,Dnyaneshwari,"Chapter 9, Verse 60",35:34 - 35:42
Dnyaneshwari-77_Transcript.md,Dnyaneshwari,"Chapter 12, Verse 191",37:57 - 38:08
Dnyaneshwari-77_Transcript.md,Dnyaneshwari,"Chapter 18, Verse 1270",38:12 - 38:17
Dnyaneshwari-77_Transcript.md,Dnyaneshwari,"Chapter 12, Verse 191",38:17 - 38:25
Dnyaneshwari-77_Transcript.md,Dnyaneshwari,"Chapter 6, Verse 339",39:20 - 39:27
Dnyaneshwari-77_Transcript.md,Dnyaneshwari,"Chapter 9, Verse 298",39:51 - 39:57
Dnyaneshwari_1-A_Transcript.md,Dnyaneshwari,"Chapter 11, Verse 29",00:00 - 00:09
Dnyaneshwari_1-A_Transcript.md,Dnyaneshwari,"Chapter 11, Verse 30",00:09 - 00:18
Dnyaneshwari_1-A_Transcript.md,Dnyaneshwari,"Chapter 11, Verse 31",00:11 - 00:18
Dnyaneshwari_1-A_Transcript.md,Dnyaneshwari,"Chapter 11, Verse 13",00:23 - 00:31
Dnyaneshwari_1-A_Transcript.md,Dnyaneshwari,"Chapter 1, Verse 19",01:55 - 01:57
Dnyaneshwari_1-A_Transcript.md,Dnyaneshwari,"Chapter 1, Verse 19",02:03 - 02:08
Dnyaneshwari_1-A_Transcript.md,Dnyaneshwari,"Chapter 1, Verse 19",03:12 - 03:16
Dnyaneshwari_1-A_Transcript.md,Dnyaneshwari,"Chapter 1, Verse 20",03:16 - 03:20
Dnyaneshwari_1-A_Transcript.md,Dnyaneshwari,"Chapter 11, Verse 13",04:46 - 04:53
Dnyaneshwari_1-A_Transcript.md,Dnyaneshwari,"Chapter 11, Verse 29",05:05 - 05:10
Dnyaneshwari_1-A_Transcript.md,Dnyaneshwari,"Chapter 11, Verse 29",05:15 - 05:21
Dnyaneshwari_1-A_Transcript.md,Dnyaneshwari,"Chapter 11, Verse 29",05:21 - 05:27
Dnyaneshwari_1-A_Transcript.md,Dnyaneshwari,"Chapter 11, Verse 29",06:18 - 06:25
Dnyaneshwari_1-A_Transcript.md,Dnyaneshwari,"Chapter 13, Verse 296",06:53 - 07:01
Dnyaneshwari_1-A_Transcript.md,Dnyaneshwari,"Chapter 1, Verse 169",08:37 - 08:39
Dnyaneshwari_1-A_Transcript.md,Dnyaneshwari,"Chapter 9, Verse 233",08:37 - 08:39
Dnyaneshwari_1-A_Transcript.md,Dnyaneshwari,"Chapter 11, Verse 31",08:44 - 08:46
Dnyaneshwari_1-A_Transcript.md,Dnyaneshwari,"Chapter 11, Verse 30",08:46 - 08:54
Dnyaneshwari_1-A_Transcript.md,Dnyaneshwari,"Chapter 18, Verse 1553",08:54 - 08:58
Dnyaneshwari_1-A_Transcript.md,Dnyaneshwari,"Chapter 9, Verse 233",08:54 - 09:01
Dnyaneshwari_1-A_Transcript.md,Dnyaneshwari,"Chapter 11, Verse 30",11:19 - 11:27
Dnyaneshwari_1-A_Transcript.md,Dnyaneshwari,"Chapter 11, Verse 31",12:29 - 12:34
Dnyaneshwari_1-A_Transcript.md,Dnyaneshwari,"Chapter 18, Verse 1553",13:38 - 13:41
Dnyaneshwari_1-A_Transcript.md,Dnyaneshwari,"Chapter 11, Verse 14",13:41 - 13:44
Dnyaneshwari_1-A_Transcript.md,Dnyaneshwari,"Chapter 11, Verse 32",13:49 - 13:52
Dnyaneshwari_1-B_Transcript.md,Dnyaneshwari,"Chapter 18, Verse 48",00:23 - 00:25
Dnyaneshwari_1-B_Transcript.md,Dnyaneshwari,"Chapter 18, Verse 48",01:24 - 01:27
Dnyaneshwari_1-B_Transcript.md,Dnyaneshwari,"Chapter 13, Verse 880",01:27 - 01:40
Dnyaneshwari_1-B_Transcript.md,Dnyaneshwari,"Chapter 11, Verse 29",02:50 - 02:56
Dnyaneshwari_1-B_Transcript.md,Dnyaneshwari,"Chapter 18, Verse 49",03:52 - 04:01
Dnyaneshwari_1-B_Transcript.md,Dnyaneshwari,"Chapter 11, Verse 13",03:52 - 04:01
Dnyaneshwari_1-B_Transcript.md,Dnyaneshwari,"Chapter 11, Verse 13",05:24 - 05:31
Dnyaneshwari_1-B_Transcript.md,Dnyaneshwari,"Chapter 18, Verse 1439",05:24 - 05:31
Dnyaneshwari_1-B_Transcript.md,Dnyaneshwari,"Chapter 11, Verse 13",05:31 - 05:36
Dnyaneshwari_1-B_Transcript.md,Dnyaneshwari,"Chapter 11, Verse 13",05:39 - 05:47
Dnyaneshwari_1-B_Transcript.md,Dnyaneshwari,"Chapter 11, Verse 13",10:56 - 11:01
Dnyaneshwari_1-B_Transcript.md,Dnyaneshwari,"Chapter 11, Verse 35",19:06 - 19:13
Dnyaneshwari_1-B_Transcript.md,Dnyaneshwari,"Chapter 11, Verse 35",19:06 - 19:13
Dnyaneshwari_1-B_Transcript.md,Dnyaneshwari,"Chapter 13, Verse 815",22:05 - 22:16
Dnyaneshwari_1-B_Transcript.md,Dnyaneshwari,"Chapter 11, Verse 180",22:16 - 22:54
Dnyaneshwari_1-B_Transcript.md,Dnyaneshwari,"Chapter 11, Verse 35",22:58 - 23:08
Dnyaneshwari_1-B_Transcript.md,Dnyaneshwari,"Chapter 11, Verse 36",23:13 - 23:19
Dnyaneshwari_1-B_Transcript.md,Dnyaneshwari,"Chapter 11, Verse 37",24:50 - 24:57
Dnyaneshwari_1-B_Transcript.md,Dnyaneshwari,"Chapter 3, Verse 261",28:55 - 29:05
Dnyaneshwari_3-B_Transcript.md,Dnyaneshwari,"Chapter 6, Verse 66",02:34 - 02:38
Dnyaneshwari_3-B_Transcript.md,Dnyaneshwari,"Chapter 2, Verse 284",02:34 - 02:38
Dnyaneshwari_3-B_Transcript.md,Dnyaneshwari,"Chapter 11, Verse 64",03:21 - 03:34
Dnyaneshwari_3-B_Transcript.md,Dnyaneshwari,"Chapter 11, Verse 65",03:34 - 03:43
Dnyaneshwari_3-B_Transcript.md,Dnyaneshwari,"Chapter 11, Verse 66",03:45 - 03:52
Dnyaneshwari_3-B_Transcript.md,Dnyaneshwari,"Chapter 11, Verse 67",03:52 - 04:00
Dnyaneshwari_4-A_Transcript.md,Dnyaneshwari,"Chapter 11, Verse 227",00:35 - 00:39
Dnyaneshwari_4-A_Transcript.md,Dnyaneshwari,"Chapter 9, Verse 358",08:44 - 08:51
Dnyaneshwari_4-B_Transcript.md,Dnyaneshwari,"Chapter 18, Verse 447",01:29 - 01:36
Dnyaneshwari_4-B_Transcript.md,Dnyaneshwari,"Chapter 11, Verse 70",01:52 - 01:57
Dnyaneshwari_4-B_Transcript.md,Dnyaneshwari,"Chapter 11, Verse 72",02:09 - 02:14
Dnyaneshwari_4-B_Transcript.md,Dnyaneshwari,"Chapter 11, Verse 73",02:18 - 02:21
Dnyaneshwari_4-B_Transcript.md,Dnyaneshwari,"Chapter 18, Verse 447",08:07 - 08:13
Dnyaneshwari_4-B_Transcript.md,Dnyaneshwari,"Chapter 11, Verse 70",12:21 - 12:25
Dnyaneshwari_4-B_Transcript.md,Dnyaneshwari,"Chapter 11, Verse 70",13:14 - 13:19
Dnyaneshwari_4-B_Transcript.md,Dnyaneshwari,"Chapter 18, Verse 1553",21:30 - 21:35
Dnyaneshwari_4-B_Transcript.md,Dnyaneshwari,"Chapter 17, Verse 33",21:30 - 21:35
Dnyaneshwari_4-B_Transcript.md,Dnyaneshwari,"Chapter 11, Verse 72",21:41 - 21:45
Dnyaneshwari_4-B_Transcript.md,Dnyaneshwari,"Chapter 11, Verse 72",22:36 - 22:39
Dnyaneshwari_5-A_Transcript.md,Dnyaneshwari,"Chapter 11, Verse 88",00:19 - 00:23
Dnyaneshwari_5-A_Transcript.md,Dnyaneshwari,"Chapter 11, Verse 81",02:02 - 02:11
Dnyaneshwari_5-A_Transcript.md,Dnyaneshwari,"Chapter 11, Verse 111",02:28 - 02:36
Dnyaneshwari_5-A_Transcript.md,Dnyaneshwari,"Chapter 11, Verse 88",03:20 - 03:27
Dnyaneshwari_5-A_Transcript.md,Dnyaneshwari,"Chapter 11, Verse 88",03:27 - 03:41
Dnyaneshwari_5-A_Transcript.md,Dnyaneshwari,"Chapter 18, Verse 1557",03:41 - 03:49
Dnyaneshwari_5-A_Transcript.md,Dnyaneshwari,"Chapter 11, Verse 90",03:49 - 03:56
Dnyaneshwari_5-A_Transcript.md,Dnyaneshwari,"Chapter 11, Verse 91",03:56 - 04:03
Dnyaneshwari_5-A_Transcript.md,Dnyaneshwari,"Chapter 11, Verse 92",04:03 - 04:11
Dnyaneshwari_5-A_Transcript.md,Dnyaneshwari,"Chapter 11, Verse 93",04:11 - 04:18
Dnyaneshwari_5-A_Transcript.md,Dnyaneshwari,"Chapter 11, Verse 83",04:43 - 04:49
Dnyaneshwari_5-A_Transcript.md,Dnyaneshwari,"Chapter 11, Verse 111",06:48 - 06:55
Dnyaneshwari_5-A_Transcript.md,Dnyaneshwari,"Chapter 4, Verse 32",09:02 - 09:11
Dnyaneshwari_5-A_Transcript.md,Dnyaneshwari,"Chapter 5, Verse 164",09:02 - 09:11
Dnyaneshwari_5-A_Transcript.md,Dnyaneshwari,"Chapter 4, Verse 32",09:51 - 09:57
Dnyaneshwari_5-A_Transcript.md,Dnyaneshwari,"Chapter 5, Verse 164",09:51 - 09:57
Dnyaneshwari_5-A_Transcript.md,Dnyaneshwari,"Chapter 17, Verse 33",13:15 - 13:21
Dnyaneshwari_5-A_Transcript.md,Dnyaneshwari,"Chapter 11, Verse 91",14:16 - 14:22
Dnyaneshwari_5-A_Transcript.md,Dnyaneshwari,"Chapter 11, Verse 92",16:24 - 16:37
Dnyaneshwari_5-A_Transcript.md,Dnyaneshwari,"Chapter 11, Verse 92",26:19 - 26:24
Dnyaneshwari_5-A_Transcript.md,Dnyaneshwari,"Chapter 11, Verse 93",26:41 - 26:49
Dnyaneshwari_5-A_Transcript.md,Dnyaneshwari,"Chapter 11, Verse 93",26:49 - 27:01
Dnyaneshwari_5-A_Transcript.md,Dnyaneshwari,"Chapter 11, Verse 88",00:19 - 00:23
Dnyaneshwari_5-A_Transcript.md,Dnyaneshwari,"Chapter 11, Verse 81",02:02 - 02:11
Dnyaneshwari_5-A_Transcript.md,Dnyaneshwari,"Chapter 11, Verse 111",02:28 - 02:36
Dnyaneshwari_5-A_Transcript.md,Dnyaneshwari,"Chapter 11, Verse 88",03:20 - 03:27
Dnyaneshwari_5-A_Transcript.md,Dnyaneshwari,"Chapter 11, Verse 88",03:27 - 03:41
Dnyaneshwari_5-A_Transcript.md,Dnyaneshwari,"Chapter 11, Verse 90",03:49 - 03:56
Dnyaneshwari_5-A_Transcript.md,Dnyaneshwari,"Chapter 11, Verse 91",03:56 - 04:03
Dnyaneshwari_5-A_Transcript.md,Dnyaneshwari,"Chapter 11, Verse 92",04:03 - 04:11
Dnyaneshwari_5-A_Transcript.md,Dnyaneshwari,"Chapter 11, Verse 93",04:11 - 04:18
Dnyaneshwari_5-A_Transcript.md,Dnyaneshwari,"Chapter 11, Verse 83",04:43 - 04:49
Dnyaneshwari_5-A_Transcript.md,Dnyaneshwari,"Chapter 17, Verse 33",13:15 - 13:21
Dnyaneshwari_5-A_Transcript.md,Dnyaneshwari,"Chapter 11, Verse 91",14:16 - 14:22
Dnyaneshwari_5-A_Transcript.md,Dnyaneshwari,"Chapter 11, Verse 92",16:24 - 16:37
Dnyaneshwari_5-A_Transcript.md,Dnyaneshwari,"Chapter 11, Verse 92",26:19 - 26:24
Dnyaneshwari_5-A_Transcript.md,Dnyaneshwari,"Chapter 11, Verse 93",26:41 - 26:49
Dnyaneshwari_5-A_Transcript.md,Dnyaneshwari,"Chapter 11, Verse 93",26:49 - 27:01
Dnyaneshwari_5-B_Transcript.md,Dnyaneshwari,"Chapter 1, Verse 169",01:18 - 01:23
Dnyaneshwari_5-B_Transcript.md,Dnyaneshwari,"Chapter 2, Verse 309",02:32 - 02:37
Dnyaneshwari_5-B_Transcript.md,Dnyaneshwari,"Chapter 11, Verse 95",02:37 - 02:47
Dnyaneshwari_5-B_Transcript.md,Dnyaneshwari,"Chapter 6, Verse 162",04:42 - 04:48
Dnyaneshwari_5-B_Transcript.md,Dnyaneshwari,"Chapter 6, Verse 417",04:42 - 04:48
Dnyaneshwari_5-B_Transcript.md,Dnyaneshwari,"Chapter 2, Verse 6",04:50 - 04:56
Dnyaneshwari_5-B_Transcript.md,Dnyaneshwari,"Chapter 11, Verse 96",05:07 - 05:16
Dnyaneshwari_5-B_Transcript.md,Dnyaneshwari,"Chapter 11, Verse 96",05:16 - 05:18
Dnyaneshwari_5-B_Transcript.md,Dnyaneshwari,"Chapter 11, Verse 96",05:27 - 05:33
Dnyaneshwari_5-B_Transcript.md,Dnyaneshwari,"Chapter 11, Verse 96",05:40 - 05:52
Dnyaneshwari_5-B_Transcript.md,Dnyaneshwari,"Chapter 6, Verse 14",06:51 - 06:56
Dnyaneshwari_5-B_Transcript.md,Dnyaneshwari,"Chapter 18, Verse 1663",06:51 - 06:56
Dnyaneshwari_5-B_Transcript.md,Dnyaneshwari,"Chapter 11, Verse 96",07:59 - 08:05
Dnyaneshwari_5-B_Transcript.md,Dnyaneshwari,"Chapter 10, Verse 110",10:44 - 10:47
Dnyaneshwari_5-B_Transcript.md,Dnyaneshwari,"Chapter 11, Verse 99",20:27 - 20:30
Dnyaneshwari_5-B_Transcript.md,Dnyaneshwari,"Chapter 18, Verse 286",21:27 - 21:30
Dnyaneshwari_5-B_Transcript.md,Dnyaneshwari,"Chapter 11, Verse 99",21:36 - 21:44
Dnyaneshwari_5-B_Transcript.md,Dnyaneshwari,"Chapter 11, Verse 98",23:00 - 23:02
Dnyaneshwari_5-B_Transcript.md,Dnyaneshwari,"Chapter 11, Verse 101",23:30 - 23:39
Dnyaneshwari_5-B_Transcript.md,Dnyaneshwari,"Chapter 11, Verse 102",23:39 - 23:47
Dnyaneshwari_5-B_Transcript.md,Dnyaneshwari,"Chapter 11, Verse 102",27:24 - 27:28
Dnyaneshwari_5-B_Transcript.md,Dnyaneshwari,"Chapter 11, Verse 102",27:50 - 27:58
Dnyaneshwari_5-B_Transcript.md,Dnyaneshwari,"Chapter 11, Verse 103",27:58 - 28:06
Dnyaneshwari_5-B_Transcript.md,Dnyaneshwari,"Chapter 11, Verse 98",29:48 - 29:51
Dnyaneshwari_5-B_Transcript.md,Dnyaneshwari,"Chapter 11, Verse 104",29:56 - 30:03
Dnyaneshwari_5-B_Transcript.md,Dnyaneshwari,"Chapter 11, Verse 104",30:03 - 30:07
Dnyaneshwari_5-B_Transcript.md,Dnyaneshwari,"Chapter 11, Verse 104",31:21 - 31:24
Dnyaneshwari_5-B_Transcript.md,Dnyaneshwari,"Chapter 11, Verse 104",31:24 - 31:25
